customer_id,risk_tier,default_next_month,avg_utilization,utilization_trend,on_time_months,max_delinquency,delinquency_drift,consecutive_delays,payment_ratio,balance_volatility,credit_limit,risk_score,default_risk_score
16040,High Risk,1,0.0249999999999999,-6.1964246698748105e-19,0,3,1,6,0.0,0.0,200000,0.998489,0.998489
1967,High Risk,0,0.4763037037037037,-0.0070488888888888,3,1,1,3,3.307610091703303,23064.42999656976,90000,0.9984617,0.9984617
11740,High Risk,1,0.0166666666666666,-7.2048355399477845e-19,0,2,0,6,0.0,0.0,300000,0.9984145,0.9984145
9594,High Risk,1,0.015,-8.5965621962432615e-19,0,2,0,6,0.0,0.0,20000,0.9984145,0.9984145
7789,High Risk,1,0.0124999999999999,-3.0982123349374053e-19,0,2,0,6,0.0,0.0,200000,0.9983816,0.9983816
13712,High Risk,1,0.0124999999999999,-3.0982123349374053e-19,0,2,0,6,0.0,0.0,200000,0.9983816,0.9983816
16490,High Risk,1,0.035,-2.091588685201012e-18,0,3,1,6,0.0,0.0,30000,0.9981048,0.9981048
3664,High Risk,1,0.035,-2.091588685201012e-18,0,3,1,6,0.0,0.0,30000,0.9981048,0.9981048
14429,High Risk,1,0.035,-2.091588685201012e-18,0,3,1,6,0.0,0.0,30000,0.9981048,0.9981048
1461,High Risk,1,0.021,-1.6061699709685744e-18,0,3,1,6,0.0,0.0,50000,0.9980411,0.9980411
14226,High Risk,1,0.021,-1.6061699709685744e-18,0,3,1,6,0.0,0.0,50000,0.9980411,0.9980411
6510,High Risk,1,0.021,-1.6061699709685744e-18,0,3,1,6,0.0,0.0,50000,0.9980411,0.9980411
24571,High Risk,1,0.021,-1.6061699709685744e-18,0,3,1,6,0.0,0.0,50000,0.9980411,0.9980411
29367,High Risk,1,0.015,-8.5965621962432615e-19,0,3,1,6,0.0,0.0,20000,0.99777114,0.99777114
19983,High Risk,1,0.0166666666666666,-7.2048355399477845e-19,0,3,1,6,0.0,0.0,300000,0.99777114,0.99777114
27161,High Risk,1,0.015,-8.5965621962432615e-19,0,3,1,6,0.0,0.0,20000,0.99777114,0.99777114
21668,High Risk,1,0.0161,-1.0575117405017049e-18,0,3,1,6,0.0,0.0,20000,0.99777114,0.99777114
21013,High Risk,1,0.0124999999999999,-3.0982123349374053e-19,0,3,1,6,0.0,0.0,200000,0.9977247,0.9977247
26802,High Risk,1,0.0124999999999999,-3.0982123349374053e-19,0,3,1,6,0.0,0.0,200000,0.9977247,0.9977247
24346,High Risk,1,0.0124999999999999,-3.0982123349374053e-19,0,3,1,6,0.0,0.0,200000,0.9977247,0.9977247
1957,High Risk,1,0.0113636363636363,-5.78050957563972e-19,0,2,0,6,0.0,0.0,220000,0.99715865,0.99715865
13744,High Risk,1,0.0096038461538461,-3.4570880796229604e-19,0,2,0,6,0.0,0.0,260000,0.99691284,0.99691284
6045,High Risk,1,0.009914,-3.597973099329525e-19,0,2,0,6,0.0,0.0,500000,0.99691284,0.99691284
10745,High Risk,1,0.0088642857142857,-4.0109902683438143e-19,0,2,0,6,0.0012087026591458,0.0,280000,0.99690896,0.99690896
29419,High Risk,1,0.105,-1.2195633477268377e-18,0,3,1,6,0.0,0.0,10000,0.9968521,0.9968521
17927,High Risk,1,0.105,-1.2195633477268377e-18,0,3,1,6,0.0,0.0,10000,0.9968521,0.9968521
6085,High Risk,1,0.105,-1.2195633477268377e-18,0,3,1,6,0.0,0.0,10000,0.9968521,0.9968521
4007,High Risk,1,0.105,-1.2195633477268377e-18,0,3,1,6,0.0,0.0,10000,0.9968521,0.9968521
1752,High Risk,1,0.105,-1.2195633477268377e-18,0,3,1,6,0.0,0.0,10000,0.9968521,0.9968521
18136,High Risk,1,0.105,-1.2195633477268377e-18,0,3,1,6,0.0,0.0,10000,0.9968521,0.9968521
17809,High Risk,1,0.105,-1.2195633477268377e-18,0,3,1,6,0.0,0.0,10000,0.9968521,0.9968521
17757,High Risk,1,0.24,-1.3754499513989217e-17,0,7,5,6,0.0,0.0,10000,0.9966719,0.9966719
17034,High Risk,1,0.24,-1.3754499513989217e-17,0,7,5,6,0.0,0.0,10000,0.9966719,0.9966719
13407,High Risk,1,0.24,-1.3754499513989217e-17,0,7,5,6,0.0,0.0,10000,0.9966719,0.9966719
14245,High Risk,1,0.24,-1.3754499513989217e-17,0,7,5,6,0.0,0.0,10000,0.9966719,0.9966719
5838,High Risk,1,0.24,-1.3754499513989217e-17,0,7,5,6,0.0,0.0,10000,0.9966719,0.9966719
17240,High Risk,1,0.24,-1.3754499513989217e-17,0,7,5,6,0.0,0.0,10000,0.9966719,0.9966719
7240,Medium Risk,1,0.6646912280701754,-0.1117521804511278,4,2,2,1,0.0323159030523383,46893.98364680342,190000,0.996576,0.996576
16933,High Risk,1,0.11275,-1.4495496604273537e-18,0,7,5,6,0.0,0.0,20000,0.9963547,0.9963547
12019,High Risk,1,0.0096153846153846,5.783115280384208e-20,0,2,0,6,0.0,0.0,260000,0.99630725,0.99630725
11075,High Risk,1,0.0096153846153846,5.783115280384208e-20,0,2,0,6,0.0,0.0,260000,0.99630725,0.99630725
14951,High Risk,1,0.009948,9.276402934495964e-19,0,2,0,6,0.0,0.0,250000,0.99630725,0.99630725
12956,High Risk,1,0.0089285714285714,1.8266902723369462e-20,0,2,0,6,0.0,0.0,280000,0.9963026,0.9963026
16001,High Risk,1,0.12,-6.8772497569946084e-18,0,7,5,6,0.0,0.0,20000,0.99618965,0.99618965
20722,High Risk,1,0.12,-6.8772497569946084e-18,0,7,5,6,0.0,0.0,20000,0.99618965,0.99618965
29771,High Risk,1,0.12,-6.8772497569946084e-18,0,7,5,6,0.0,0.0,20000,0.99618965,0.99618965
29580,High Risk,1,0.12,-6.8772497569946084e-18,0,7,5,6,0.0,0.0,20000,0.99618965,0.99618965
28055,High Risk,1,0.12,-6.8772497569946084e-18,0,7,5,6,0.0,0.0,20000,0.99618965,0.99618965
24168,High Risk,1,0.12,-6.8772497569946084e-18,0,7,5,6,0.0,0.0,20000,0.99618965,0.99618965
1486,High Risk,1,0.1149999999999999,-0.0042857142857142,0,7,5,6,0.0,244.94897427831785,20000,0.99604416,0.99604416
6041,High Risk,1,0.1149999999999999,-0.0042857142857142,0,7,5,6,0.0,244.94897427831785,20000,0.99604416,0.99604416
26606,High Risk,1,0.1149999999999999,-0.0042857142857142,0,7,5,6,0.0,244.94897427831785,20000,0.99604416,0.99604416
29992,High Risk,1,0.0119047619047619,-3.999571367156469e-19,0,3,1,6,0.0,0.0,210000,0.99600756,0.99600756
28852,High Risk,1,0.0113636363636363,-5.78050957563972e-19,0,3,1,6,0.0,0.0,220000,0.99600756,0.99600756
16555,High Risk,1,0.23,-5.1945264177033e-19,0,7,5,6,0.0,0.0,10000,0.99594384,0.99594384
25054,High Risk,1,0.009914,-3.597973099329525e-19,0,3,1,6,0.0,0.0,500000,0.9956626,0.9956626
16163,Medium Risk,1,0.8092395833333335,-0.1354674999999999,4,2,2,1,0.0398148668338817,27477.012511673584,80000,0.99539596,0.99539596
12073,Medium Risk,1,0.6317125,-0.1069792857142856,4,2,2,1,0.0351868834950956,27743.006129473422,120000,0.99522674,0.99522674
17863,High Risk,1,0.2299999999999999,-0.0085714285714285,0,7,5,6,0.0,244.94897427831785,10000,0.9952081,0.9952081
6272,High Risk,1,0.2299999999999999,-0.0085714285714285,0,7,5,6,0.0,244.94897427831785,10000,0.9952081,0.9952081
9871,High Risk,1,0.0054545454545454,1.9846148829662992e-19,0,2,0,6,0.0,0.0,110000,0.99509805,0.99509805
27050,Medium Risk,1,0.8114508333333332,-0.1068655714285713,4,2,2,1,0.0343744088599642,48272.41765404615,200000,0.99498713,0.99498713
12923,Medium Risk,1,0.6960907407407407,0.0087901587301587,2,2,2,2,0.0348921838837692,1986.179792130276,90000,0.9947423,0.9947423
14915,High Risk,1,0.0066666666666666,2.4068937909942808e-20,0,2,0,6,0.0,0.0,30000,0.9945859,0.9945859
22392,Medium Risk,1,0.8759579999999999,-0.023790057142857,4,2,2,1,0.0379589711587623,18264.54843405661,250000,0.9944924,0.9944924
11706,High Risk,0,0.0525,-6.097816738634189e-19,0,3,1,6,0.0,0.0,20000,0.9944857,0.9944857
24026,High Risk,1,0.0525,-6.097816738634189e-19,0,3,1,6,0.0,0.0,20000,0.9944857,0.9944857
3879,High Risk,1,0.0525,-6.097816738634189e-19,0,3,1,6,0.0,0.0,20000,0.9944857,0.9944857
18095,High Risk,1,0.0525,-6.097816738634189e-19,0,3,1,6,0.0,0.0,20000,0.9944857,0.9944857
11988,High Risk,1,0.0525,-6.097816738634189e-19,0,3,1,6,0.0,0.0,20000,0.9944857,0.9944857
24398,High Risk,1,0.0525,-6.097816738634189e-19,0,3,1,6,0.0,0.0,20000,0.9944857,0.9944857
27193,High Risk,1,0.01,-4.835902386200717e-20,0,3,1,6,0.0,0.0,250000,0.9944607,0.9944607
27537,High Risk,1,0.009948,9.276402934495964e-19,0,3,1,6,0.0,0.0,250000,0.9943422,0.9943422
4085,Medium Risk,0,0.6670944444444444,-0.1361742857142857,2,2,2,2,0.0674885121885189,7940.246404656889,30000,0.99391705,0.99391705
28221,High Risk,1,0.08,-3.8687219089605736e-19,0,7,5,6,0.0,0.0,30000,0.99374443,0.99374443
15948,High Risk,1,0.08,-3.8687219089605736e-19,0,7,5,6,0.0,0.0,30000,0.99374443,0.99374443
17875,High Risk,1,0.08,-3.8687219089605736e-19,0,7,5,6,0.0,0.0,30000,0.99374443,0.99374443
12282,Medium Risk,1,0.6793033333333334,-0.1471251428571428,4,2,2,1,0.0382910779346935,14911.925528471053,50000,0.99329126,0.99329126
14140,Medium Risk,1,0.035075,0.0053271428571428,3,2,3,1,0.9686773153986268,349.9107028943242,20000,0.9932767,0.9932767
15139,High Risk,1,0.0798333333333333,-1.987504928428081e-18,0,7,5,6,0.0,0.0,30000,0.9931738,0.9931738
14974,High Risk,1,0.0798333333333333,-1.987504928428081e-18,0,7,5,6,0.0,0.0,30000,0.9931738,0.9931738
1147,High Risk,1,0.0342857142857142,6.224624130228714e-19,0,7,5,6,0.0,0.0,70000,0.9931017,0.9931017
514,High Risk,1,0.6308633333333334,0.0136119999999999,0,2,0,6,0.0468058570100308,1292.1701771309638,50000,0.9930496,0.9930496
16480,Medium Risk,1,0.6149,0.0278228571428571,2,2,2,2,0.065416252575027,1229.9419498496666,20000,0.99301744,0.99301744
23980,Medium Risk,1,0.7224666666666666,-0.1258114285714285,4,2,2,1,0.0608034358740018,7464.759036075221,20000,0.99289507,0.99289507
14862,High Risk,1,0.085,-4.44781134888591e-18,0,7,5,6,0.0,0.0,30000,0.9928362,0.9928362
863,High Risk,1,0.0816666666666666,-2.5439755012185737e-18,0,7,5,6,0.0,0.0,30000,0.9928362,0.9928362
18719,Medium Risk,1,0.6226571428571429,0.0145273469387755,2,2,2,2,0.0358448139001776,2151.5337784938447,70000,0.99278367,0.99278367
20524,High Risk,1,0.6269527777777778,0.0128595238095238,0,2,0,6,0.0449914466635261,1716.779824749425,60000,0.9927107,0.9927107
22760,High Risk,1,0.0057608695652173,1.6066570456032178e-19,0,3,1,6,0.0125786163522012,0.0,460000,0.9925494,0.9925494
10354,High Risk,1,0.5657333333333333,0.0278314285714285,2,2,2,3,0.0999530783203734,1273.6601849263666,20000,0.99251634,0.99251634
17775,High Risk,1,0.8543333333333334,-0.000318961038961,2,2,2,3,0.03084355971952,1924.5729569612752,110000,0.99246395,0.99246395
28033,Medium Risk,0,0.7888933333333333,-0.140528,4,2,2,1,0.0643624287025491,15632.0895297675,50000,0.992392,0.992392
17248,High Risk,1,0.0069444444444444,9.012646855366005e-20,0,3,1,6,0.0,0.0,360000,0.9922897,0.9922897
28748,High Risk,0,0.0479999999999999,1.3018272523341199e-18,0,7,5,6,0.0,0.0,50000,0.9922787,0.9922787
2406,High Risk,1,0.0479999999999999,1.3018272523341199e-18,0,7,5,6,0.0,0.0,50000,0.9922787,0.9922787
10802,High Risk,1,0.0479999999999999,1.3018272523341199e-18,0,7,5,6,0.0,0.0,50000,0.9922787,0.9922787
7881,High Risk,1,0.0479999999999999,1.3018272523341199e-18,0,7,5,6,0.0,0.0,50000,0.9922787,0.9922787
29524,High Risk,1,0.0479999999999999,1.3018272523341199e-18,0,7,5,6,0.0,0.0,50000,0.9922787,0.9922787
12825,High Risk,1,0.0479999999999999,1.3018272523341199e-18,0,7,5,6,0.0,0.0,50000,0.9922787,0.9922787
15988,High Risk,1,0.6209433333333334,0.014572,0,2,0,6,0.0491569918708968,1377.5567380934503,50000,0.99221593,0.99221593
6112,Medium Risk,1,0.9726833333333332,0.0012319047619048,2,2,2,2,0.0385102192460862,1458.9152134377105,120000,0.9920027,0.9920027
29152,High Risk,1,0.065,5.534612334031988e-19,0,7,5,6,0.0,0.0,30000,0.99196506,0.99196506
3993,High Risk,1,0.9371833333333336,0.0219085714285714,0,3,1,6,0.0472738899968815,1191.0134620006052,20000,0.9919299,0.9919299
6927,High Risk,1,1.0615,0.0140114285714285,2,2,2,3,0.0474469875123418,2214.70684290269,60000,0.9919036,0.9919036
26720,Medium Risk,1,0.4980944444444444,0.0289609523809523,2,2,2,2,0.0770295795848097,1700.154747858755,30000,0.99176335,0.99176335
27619,Medium Risk,1,0.8008833333333333,0.0251685714285714,3,2,2,2,0.0719308286250512,1484.600642148139,20000,0.9917178,0.9917178
19557,High Risk,1,0.6193222222222222,0.0357561904761904,2,2,2,3,0.0815367200451007,2139.071917132911,30000,0.99169743,0.99169743
21274,High Risk,1,0.62045,0.0127742857142856,0,2,0,6,0.0427339486850466,1675.4852133038955,70000,0.9916767,0.9916767
12030,High Risk,1,0.8415533333333333,0.01648,2,2,2,3,0.0395408426566789,1792.4264745497003,50000,0.9916353,0.9916353
16503,High Risk,1,0.7897916666666666,0.0354614285714285,2,2,2,3,0.0758111397376854,1478.1035710215529,20000,0.99159425,0.99159425
13967,High Risk,1,0.06,-3.4386248784973042e-18,0,7,5,6,0.0,0.0,40000,0.99157554,0.99157554
13740,High Risk,1,0.06,-3.4386248784973042e-18,0,7,5,6,0.0,0.0,40000,0.99157554,0.99157554
28298,High Risk,1,0.8538444444444444,0.0100457142857142,0,3,1,6,0.0331638703788004,783.2186582728137,30000,0.9915524,0.9915524
18371,High Risk,1,0.559988888888889,0.0271809523809523,2,2,2,3,0.068115775712904,1607.9265737796195,30000,0.9915454,0.9915454
15598,Medium Risk,1,0.5250500000000001,0.0127257142857142,2,2,2,2,0.0767721353892607,1365.8626578100743,20000,0.9914977,0.9914977
16488,Medium Risk,1,0.8357833333333332,-0.1396114285714285,4,2,2,1,0.0600474387591067,8208.143094919013,20000,0.99147767,0.99147767
671,High Risk,0,1.5298611111111111,-0.2781685714285716,1,2,3,4,0.2757268941882235,26415.39127415429,30000,0.9912356,0.9912356
12036,High Risk,0,0.0882,-5.724534480394083e-18,0,7,5,6,0.0,0.0,30000,0.99113,0.99113
21961,High Risk,1,0.0478333333333333,0.0001428571428571,0,7,5,6,0.0035460992907801,20.41241452319316,50000,0.9910863,0.9910863
15155,Medium Risk,1,0.5514166666666668,-0.1798428571428571,4,2,3,1,0.0345855158174743,12783.688994183174,30000,0.990983,0.990983
16512,High Risk,1,0.8564583333333334,0.0221728571428571,0,3,1,6,0.0561602167433285,867.5430632923456,20000,0.990908,0.990908
11662,High Risk,1,0.6142,0.024775238095238,2,2,2,3,0.0611812780584993,1540.747091511128,30000,0.9908879,0.9908879
22806,High Risk,1,0.1664444444444444,0.0114742857142857,2,2,3,3,0.7381117928837813,1861.8558125340069,30000,0.99077356,0.99077356
14692,High Risk,1,0.6837,0.0208085714285714,0,2,0,6,0.0659784332518303,961.2776914086792,20000,0.9907018,0.9907018
3044,High Risk,1,0.6534880952380951,0.0124436734693877,2,2,2,3,0.0415665760537383,2119.998058175211,70000,0.9906775,0.9906775
6387,Medium Risk,1,0.6222166666666666,-0.0062154285714285,2,2,2,2,0.040104368273981,2939.837847002223,50000,0.99066144,0.99066144
14638,Medium Risk,1,0.8056333333333333,-0.1022,4,2,2,1,0.2150830443993742,2008.896280714031,10000,0.9906562,0.9906562
5714,High Risk,0,0.9457833333333334,-0.0003495238095238,2,3,3,2,0.0566806915665475,1719.3909095956044,30000,0.9906218,0.9906218
26244,Medium Risk,1,0.6923083333333334,-0.1892985714285713,3,2,2,2,0.0487817729241875,26021.4115124449,60000,0.9905766,0.9905766
2991,Medium Risk,1,0.63769,0.0153537142857142,2,2,2,2,0.0384834333147603,1661.2049542425525,50000,0.9905081,0.9905081
26915,High Risk,1,0.2617466666666667,-0.0165710476190476,0,2,0,6,0.027437414148039,5145.060504989227,150000,0.99045056,0.99045056
4099,Medium Risk,1,0.6777555555555557,-0.1119304761904761,4,2,2,1,0.0482004021192966,14419.601834539908,60000,0.99044025,0.99044025
13263,High Risk,1,0.7283749999999999,0.0286485714285714,2,2,2,3,0.0694848083503202,2412.240866911926,40000,0.99043673,0.99043673
28634,High Risk,1,0.6658638888888889,-0.0672071428571428,2,2,2,3,0.0402143130680841,7580.267077528777,60000,0.99043006,0.99043006
14653,High Risk,1,0.5179888888888889,0.013335238095238,0,2,0,6,0.0501001515205987,853.5848327299792,30000,0.9903486,0.9903486
8655,High Risk,1,0.08,-3.8687219089605736e-19,0,8,6,6,0.0,0.0,30000,0.9902535,0.9902535
18111,High Risk,1,0.6319621212121213,0.0126090909090908,2,2,2,3,0.040203318140754,2999.8368233400074,110000,0.99023634,0.99023634
13963,High Risk,1,0.8726722222222224,0.0233990476190476,2,2,2,3,0.0626186421156075,1557.3729696725402,30000,0.9902075,0.9902075
18215,Medium Risk,0,0.9027282051282052,-0.0453784615384615,4,2,2,1,0.0389356848520771,14494.330431815975,130000,0.9900665,0.9900665
16786,High Risk,1,0.7463861111111111,0.0124604761904762,2,2,2,3,0.0437933497821728,1767.0328142585995,60000,0.9900572,0.9900572
7216,High Risk,1,0.9317388888888888,0.0205647619047619,0,3,1,6,0.0553131190553597,1276.5806541956786,30000,0.9897556,0.9897556
6828,High Risk,1,0.7106222222222222,0.0283295238095237,0,3,1,6,0.0528637612995792,3442.539043593648,60000,0.98974305,0.98974305
674,High Risk,1,0.0766666666666666,-0.0028571428571428,0,7,5,6,0.0,244.94897427831785,30000,0.9897221,0.9897221
21534,High Risk,1,0.9610166666666669,0.005555238095238,2,2,2,3,0.0647777369676869,1391.8934944887126,30000,0.98972195,0.98972195
5350,Medium Risk,1,0.7867749999999999,-0.0874292857142856,2,2,2,2,0.0249161713533985,14020.153508432068,80000,0.9896998,0.9896998
29357,Medium Risk,1,0.48705,0.0325657142857142,2,2,2,2,0.0770002363638028,1327.3637029842273,20000,0.9896941,0.9896941
2435,High Risk,1,0.6715708333333333,-0.0233797619047619,0,3,1,6,0.0227301922733261,5659.084970204989,120000,0.9896896,0.9896896
9165,High Risk,1,0.9445611111111112,0.0186695238095238,2,2,2,3,0.052968215371862,1339.7424254932985,30000,0.98954844,0.98954844
9903,High Risk,1,0.0079166666666666,-0.0014999999999999,0,4,2,6,0.6511111111111111,199.37402037376887,60000,0.9893974,0.9893974
17698,Medium Risk,1,0.8049694444444443,-0.0778557142857142,4,2,2,1,0.0416283797116315,9605.385206573794,60000,0.9892832,0.9892832
7803,High Risk,1,0.64963,0.0133148571428571,0,2,0,6,0.0453240780556806,1253.1906080082151,50000,0.9892754,0.9892754
19862,Medium Risk,1,0.9930366666666668,-0.005642857142857,2,2,2,2,0.0337653808673335,1459.081274866711,50000,0.98923546,0.98923546
5261,Medium Risk,1,0.9478333333333334,0.0177857142857142,2,2,2,2,0.0330372957618773,1511.6579860096222,40000,0.9891348,0.9891348
2252,High Risk,0,0.0962366666666666,0.0107891428571428,2,2,2,3,0.2710240220085085,1183.3468496880646,50000,0.98903507,0.98903507
5683,Medium Risk,1,0.6647166666666667,-0.0716619047619046,4,2,2,1,0.0471872174740112,4068.166208502303,30000,0.988991,0.988991
16248,High Risk,1,0.6685499999999999,0.0240714285714285,2,2,2,3,0.0585312380671205,2335.479800811816,50000,0.98894835,0.98894835
21812,High Risk,1,0.9829333333333332,0.0271085714285714,0,3,1,6,0.0504171597221123,1166.147103356462,20000,0.9889337,0.9889337
5737,Medium Risk,1,0.6038074074074073,-0.0381104761904762,4,2,2,1,0.0411535125728439,7519.474946209121,90000,0.98892784,0.98892784
5925,High Risk,1,1.1365426470588236,-0.2372419327731092,3,4,5,3,0.2028224571763863,157445.33457775114,340000,0.9888868,0.9888868
23,High Risk,1,0.6320833333333334,0.0150983673469387,2,2,2,3,0.042437297020523,2194.01890754539,70000,0.9888371,0.9888371
24712,Medium Risk,0,0.5996305555555556,-0.0204284126984127,4,2,2,1,0.0493347396032542,8235.499080201515,180000,0.9887905,0.9887905
22507,High Risk,1,0.7477777777777778,0.0160704761904761,0,2,0,6,0.0448001402059581,1820.573828952472,60000,0.98877865,0.98877865
18013,High Risk,1,0.5673409090909092,0.0214698701298701,2,3,3,3,0.0601761164262702,5141.610049391144,110000,0.9887672,0.9887672
25549,High Risk,1,0.6401,0.0219142857142857,0,2,0,6,0.0543519858732456,1375.4599230802764,30000,0.98873305,0.98873305
3486,High Risk,1,0.8639433333333333,-0.0128234285714286,2,2,2,3,0.0564610803061733,3261.736924809644,50000,0.9886827,0.9886827
23778,High Risk,1,0.3157428571428571,0.0132555102040816,0,2,0,6,0.0698245606295091,1875.1755117854968,70000,0.9886812,0.9886812
25751,Medium Risk,1,0.1037611111111111,-0.0062828571428571,4,2,2,1,0.6715957758484099,1030.5057819666354,30000,0.9886313,0.9886313
907,High Risk,1,0.0558633333333333,-0.0140805714285714,1,2,3,3,0.9827565148697548,1930.6562010535863,50000,0.9886268,0.9886268
7003,High Risk,0,0.6297125,0.008175,0,2,0,6,0.0401775856473202,1351.3162472197248,80000,0.9885592,0.9885592
16789,High Risk,1,0.0793,9.645486223184961e-18,0,7,5,6,0.0,0.0,30000,0.98852855,0.98852855
16470,High Risk,1,0.6396944444444445,0.0147495238095237,0,2,0,6,0.0589534872688561,941.688996785386,30000,0.9883874,0.9883874
11246,High Risk,1,0.5502660000000001,0.0093861714285714,2,2,2,3,0.0358974819054898,10315.68770368704,500000,0.9883853,0.9883853
24330,High Risk,1,0.7741555555555556,0.0297580952380952,2,2,2,3,0.0560624542847932,1756.639253423043,30000,0.9883712,0.9883712
21213,High Risk,0,0.8707666666666666,0.0342742857142856,2,2,2,3,0.0722836892630166,1405.8914135404152,20000,0.98835516,0.98835516
15087,High Risk,1,0.5761948717948718,0.0130287912087912,2,2,2,3,0.0487257371662994,7520.674428976877,260000,0.9883471,0.9883471
29139,High Risk,1,0.6465000000000001,0.0132326530612244,0,2,0,6,0.0428365959520492,1735.2195250169357,70000,0.9883455,0.9883455
24449,Medium Risk,1,0.8871875,-0.0121433928571428,4,2,2,1,0.0368381519313896,11651.51090631597,320000,0.98833174,0.98833174
17478,Medium Risk,1,0.2739666666666667,0.0186171428571428,2,2,2,2,0.0796261668242604,2235.888100956754,60000,0.9882946,0.9882946
5884,Medium Risk,1,0.7993583333333333,-0.0586242857142857,4,2,2,1,0.0645918372400615,3587.076771783212,20000,0.98828787,0.98828787
11344,Medium Risk,1,0.6705533333333333,-0.0511965714285715,4,2,2,1,0.0493091855619639,5324.810669560625,50000,0.9882748,0.9882748
17586,High Risk,1,0.7887666666666667,0.0167142857142857,0,3,1,6,0.0535801272964435,781.7131613748527,20000,0.9882613,0.9882613
26644,High Risk,1,0.5461583333333333,0.0377271428571428,2,2,2,3,0.1063935864998698,1686.4128102770885,20000,0.98816574,0.98816574
14547,Medium Risk,1,0.9510369047619048,0.0188969387755101,2,2,2,2,0.0332625175241357,5898.5659754440885,140000,0.9881654,0.9881654
16544,High Risk,1,0.5109333333333334,0.0514714285714285,2,3,3,2,0.1131842125907786,2237.652847665756,20000,0.98808426,0.98808426
7409,High Risk,1,0.949961111111111,0.027867619047619,0,3,1,6,0.0490081898143448,1669.98436120422,30000,0.98796576,0.98796576
1880,High Risk,1,0.5782611111111111,0.0130695238095238,0,2,0,6,0.0472003992640978,765.7141546730521,30000,0.9879331,0.9879331
8636,Medium Risk,1,0.6650166666666667,0.0703971428571428,2,2,2,2,0.127324303153271,2733.597458783328,20000,0.98792285,0.98792285
20914,High Risk,1,0.533525,0.0350585714285714,2,2,2,3,0.1045209203719238,1413.9432449713108,20000,0.9878978,0.9878978
26765,High Risk,1,0.6563842105263158,0.0181873684210526,2,2,2,3,0.0536041479599038,7110.619691700576,190000,0.98789704,0.98789704
17414,High Risk,1,0.5606888888888889,0.0177980952380952,0,2,0,6,0.0637687603218219,1053.4679238907402,30000,0.987698,0.987698
2393,High Risk,1,0.8308,0.0192754285714285,0,3,1,6,0.0401354194929928,1918.775338594907,50000,0.9876303,0.9876303
9583,Medium Risk,1,0.5830888888888889,0.026447619047619,2,2,2,2,0.0514524417130373,1574.3906334409726,30000,0.98756033,0.98756033
16452,High Risk,1,0.5416888888888889,0.0144704761904762,0,2,0,6,0.0540313955950552,921.743926840132,30000,0.9875572,0.9875572
21848,High Risk,1,0.5861500000000001,0.0236531428571428,2,2,2,3,0.0563733358902747,2358.0022688708336,50000,0.98755556,0.98755556
16635,High Risk,1,0.29545,-0.021467619047619,2,2,2,3,0.0830873161830518,1280.5314131250354,30000,0.9874737,0.9874737
10315,Medium Risk,1,0.78035,0.0218580952380951,3,2,2,2,0.0480359243941874,1357.526390167057,30000,0.9874659,0.9874659
6362,Medium Risk,1,0.6659333333333334,-0.0360725714285713,4,2,2,1,0.0350246444415525,7315.316634751134,100000,0.9874192,0.9874192
24320,Medium Risk,1,0.8430999999999998,0.05756,4,2,2,1,0.08841595876484,1118.957550580003,10000,0.9874154,0.9874154
28959,Medium Risk,1,0.8635222222222224,0.005056,3,2,2,2,0.0344945719326097,8597.824531046599,150000,0.9873372,0.9873372
4570,High Risk,1,0.5844722222222222,0.0183647619047619,0,2,0,6,0.0780026917872942,1261.2272462433828,30000,0.987316,0.987316
2855,High Risk,1,0.3477633333333333,0.0128794285714285,0,2,0,6,0.0573402508803246,1272.0813522203157,50000,0.98730785,0.98730785
15537,High Risk,1,0.65965,0.0176428571428571,0,2,0,6,0.0471087905886073,1829.8623718739068,50000,0.9872716,0.9872716
21247,High Risk,1,0.281825,0.0099648571428571,0,2,0,6,0.0616292231902691,2036.8727746229024,100000,0.9872564,0.9872564
13690,Medium Risk,1,0.8173712121212121,-0.0548064935064935,4,2,2,1,0.0457190499828243,12290.760487726811,110000,0.9872251,0.9872251
28605,Medium Risk,1,0.4947833333333333,0.0140085714285714,4,2,3,1,0.2037675673601547,1597.266007902253,30000,0.9871956,0.9871956
27858,High Risk,1,0.6890666666666666,0.0277657142857142,0,3,1,6,0.0653714211005536,1243.2992667361573,20000,0.98717636,0.98717636
14543,High Risk,1,0.6126666666666667,0.0216045714285714,2,2,2,3,0.0548815738983472,2100.505431239507,50000,0.98716056,0.98716056
22417,High Risk,0,0.8502230769230769,0.0078443956043956,2,2,2,3,0.0364999595595523,2867.4975850033425,130000,0.98711187,0.98711187
16092,Medium Risk,1,0.7964083333333333,-0.0861825714285714,3,2,2,2,0.0264979208602042,17859.646596914135,100000,0.9871033,0.9871033
7993,High Risk,1,0.6748833333333333,0.0086211428571428,0,3,1,6,0.0491354937372037,1166.127508751366,50000,0.98708665,0.98708665
6417,Medium Risk,1,0.9814818181818182,0.0027714285714285,2,2,2,2,0.0326421622656644,2651.7904140410496,110000,0.98706645,0.98706645
16126,Medium Risk,1,0.6032444444444445,0.0216438095238095,3,2,2,2,0.0576913088452798,1327.8463264499649,30000,0.9870003,0.9870003
17941,High Risk,1,0.6483595238095238,0.0123155102040816,0,2,0,6,0.042607389815862,1769.9515718421978,70000,0.9869871,0.9869871
7369,High Risk,1,0.5467888888888889,0.0122514285714285,0,2,0,6,0.0555120959935489,717.0828868873294,30000,0.9869551,0.9869551
12132,Medium Risk,1,0.8296214285714285,-0.0878028571428571,4,2,2,1,0.0310102414561061,12307.860297387197,70000,0.98695207,0.98695207
7308,High Risk,1,0.8651722222222222,0.0176580952380951,2,2,2,3,0.0491219983969522,1134.7823433005408,30000,0.98690283,0.98690283
9672,High Risk,0,0.0141176470588235,-1.1691863791679704e-20,0,7,5,6,0.0,0.0,170000,0.9868912,0.9868912
10043,Medium Risk,1,0.4549333333333333,0.0230057142857142,3,2,2,2,0.06974495957299,1358.106181415871,30000,0.98688424,0.98688424
7311,High Risk,1,0.936785185185185,0.0021111111111111,0,3,1,6,0.0317387271683919,1734.859264224815,90000,0.9867942,0.9867942
6175,Medium Risk,1,0.9934333333333334,-0.0067361038961039,2,2,2,2,0.0437561277578313,3586.40871439197,110000,0.9867443,0.9867443
6885,High Risk,1,0.8734378787878788,0.0025124675324675,2,2,2,3,0.0352921939104484,2220.8979640376697,110000,0.9866627,0.9866627
24760,Medium Risk,1,0.8831022727272727,0.0149580519480519,2,2,2,2,0.039387643005052,7361.908441430116,220000,0.98666257,0.98666257
5875,Medium Risk,1,0.9523333333333333,-0.0170171428571429,2,2,2,2,0.0317130785482976,4417.32628030426,100000,0.9866584,0.9866584
20813,Medium Risk,1,0.61985,0.0339171428571428,3,2,2,2,0.0798201537404813,1448.819519470938,20000,0.9866549,0.9866549
232,Medium Risk,1,0.7888000000000001,-0.0880999999999999,3,2,2,2,0.1989008002902736,3511.663024835954,20000,0.98663914,0.98663914
4753,Medium Risk,1,0.6378083333333333,0.0820728571428571,2,2,2,2,0.1459371798349282,3329.056888469566,20000,0.9865596,0.9865596
21450,High Risk,1,0.6579285714285714,0.0134620408163265,0,2,0,6,0.0427968675457382,1765.9744052505405,70000,0.9865392,0.9865392
17925,High Risk,1,0.6744208333333334,0.0198721428571428,0,2,0,6,0.0611541195378691,1697.6785816716506,40000,0.98653513,0.98653513
25033,High Risk,1,0.3299404761904762,0.0123220408163265,0,2,0,6,0.0655534322314142,1794.4209558146235,70000,0.98645693,0.98645693
25634,High Risk,1,0.6521428571428571,0.0160751020408163,0,2,0,6,0.0440733302214258,2272.788067550514,70000,0.98644596,0.98644596
17236,High Risk,1,0.5971375,0.010775,0,2,0,6,0.0516154080997136,956.91812606931,40000,0.9863992,0.9863992
27737,Medium Risk,1,0.8077,0.0408799999999999,4,2,2,1,0.0796347944724418,1607.432238074128,20000,0.9863723,0.9863723
23343,Medium Risk,1,0.740262962962963,-0.0747631746031746,3,2,2,2,0.0287983903003738,15787.709417982922,90000,0.98635024,0.98635024
19989,High Risk,1,0.7465633333333334,0.0200828571428571,2,2,2,3,0.0544798798133999,2093.993927084476,50000,0.9863376,0.9863376
17526,High Risk,1,0.2441515151515151,0.0115890909090909,0,2,0,6,0.0645092460217955,2577.801595675405,110000,0.9862684,0.9862684
22479,High Risk,1,0.5241033333333333,0.0189582857142857,2,2,2,3,0.0582029188836581,1976.350921943436,50000,0.98626024,0.98626024
934,High Risk,1,0.3617333333333333,0.0330152380952381,2,2,2,3,0.1302611786143195,2002.2914872715207,30000,0.98623776,0.98623776
17214,Medium Risk,1,0.2722733333333333,-0.0206879999999999,2,2,2,2,0.1054847076176034,7518.982502085417,50000,0.98623717,0.98623717
16026,High Risk,1,0.0968055555555555,-0.0635209523809524,2,3,5,3,0.0,4335.343419691993,30000,0.98617876,0.98617876
10664,High Risk,1,0.8462166666666667,0.0276588571428571,2,2,2,3,0.0593132929097952,2898.6746224208514,50000,0.98616576,0.98616576
22901,High Risk,1,0.6558166666666666,0.0144085714285714,0,2,0,6,0.0555225476453049,1004.482702688304,30000,0.9860837,0.9860837
6556,Medium Risk,0,0.8420555555555556,0.0226419047619047,3,2,2,2,0.0671681463371036,1347.3457858570184,30000,0.9860771,0.9860771
21834,Medium Risk,1,0.8716966666666667,-0.0075794285714285,4,2,2,1,0.0385548309219948,8172.508027935285,100000,0.9860714,0.9860714
24156,High Risk,1,0.0124999999999999,-3.0982123349374053e-19,0,4,2,6,0.0,0.0,200000,0.9860598,0.9860598
8125,High Risk,1,0.0124999999999999,-3.0982123349374053e-19,0,4,2,6,0.0,0.0,200000,0.9860598,0.9860598
5076,Medium Risk,1,0.49616,0.032128,2,2,2,2,0.0735979898288457,3196.016770919702,50000,0.9860563,0.9860563
17141,High Risk,1,0.71528,0.0156902857142857,0,2,0,6,0.045897580305377,1479.142319048441,50000,0.9860253,0.9860253
18619,Medium Risk,1,0.8428722222222222,-0.0149342857142856,4,2,2,1,0.0849526332460592,5517.607793842062,30000,0.9859583,0.9859583
20282,High Risk,1,0.7837722222222222,0.0177190476190475,0,3,1,6,0.0545090901635033,1109.4552567213634,30000,0.9857744,0.9857744
4839,High Risk,1,0.3220166666666667,0.0117994285714285,0,2,0,6,0.0538081913839104,1243.7654789656556,50000,0.985729,0.985729
20803,High Risk,1,0.62174,-0.0853537142857143,2,2,2,3,0.0445647876101362,16006.12817642043,100000,0.98571765,0.98571765
16375,High Risk,1,0.250825,0.0056428571428571,0,2,0,6,0.0599584389829543,990.7181233832356,80000,0.9857113,0.9857113
25197,High Risk,1,0.4685444444444444,0.0214380952380952,0,2,0,6,0.0722129600214082,1322.3708506567536,30000,0.9856807,0.9856807
9833,High Risk,1,0.2112933333333333,0.0120982857142857,0,2,0,6,0.0919041248904928,2520.273133346199,100000,0.9856655,0.9856655
10702,High Risk,1,0.5814933333333333,0.0163748571428571,0,2,0,6,0.0560439097463446,1646.6259644092422,50000,0.9855767,0.9855767
16478,High Risk,1,0.6311874999999999,0.0102307142857143,0,2,0,6,0.0417961210713488,1741.0883952286856,80000,0.98554105,0.98554105
11267,High Risk,1,0.2610785714285714,0.0070183673469387,0,2,0,6,0.0646384456174975,932.6535798462364,70000,0.98544645,0.98544645
2542,High Risk,1,0.5232,0.017016,2,2,2,3,0.0544080760085189,3299.26197807934,100000,0.9854199,0.9854199
7735,High Risk,1,0.6918166666666666,0.0211742857142857,0,2,0,6,0.0543231102332482,1265.7656576159743,30000,0.985414,0.985414
2685,Medium Risk,1,0.7301583333333332,0.0292366666666666,4,2,2,1,0.0540597003234469,3499.885869567749,60000,0.98538554,0.98538554
28598,High Risk,1,0.7577277777777777,0.01136,0,3,1,6,0.0516938733138499,1352.473536401606,60000,0.9853698,0.9853698
8930,High Risk,1,0.8099,0.0422628571428571,0,3,1,6,0.1193416955285427,1153.3426203865008,10000,0.9853463,0.9853463
25161,High Risk,1,0.5337770833333334,0.0093489285714285,0,2,0,6,0.0435261138284931,1699.8728677953145,80000,0.98534364,0.98534364
11035,Medium Risk,1,0.2436777777777777,0.0259009523809523,2,2,2,2,0.122337733094651,1554.9613071284657,30000,0.98534113,0.98534113
12656,Medium Risk,1,0.2500690476190476,0.0026583673469387,3,2,2,2,0.2238863160813033,2809.379391728121,350000,0.9852245,0.9852245
29727,High Risk,1,0.0383333333333333,-0.0014285714285714,0,7,5,6,0.0,244.94897427831785,60000,0.9852181,0.9852181
29867,Medium Risk,1,0.6597902298850574,-0.0916365517241379,3,2,2,2,0.0343302713376269,52626.59273947599,290000,0.9851591,0.9851591
10338,High Risk,1,0.9388416666666668,0.0192585714285714,0,3,1,6,0.0439769321438512,852.4563136411547,20000,0.9850582,0.9850582
16236,High Risk,1,0.7584,0.0091428571428571,0,3,1,6,0.0402492168320127,1537.5048617809312,70000,0.9850323,0.9850323
7769,Medium Risk,1,0.7590285714285714,0.0335199999999999,2,2,2,2,0.055305298023068,4524.841433685826,70000,0.9850242,0.9850242
16224,High Risk,1,0.6250366666666667,0.0216348571428571,2,2,2,3,0.0502453953975283,2138.57881937203,50000,0.98493654,0.98493654
15201,Medium Risk,1,0.8385555555555556,0.0021053968253968,4,2,2,1,0.0464853990812048,1013.1850768739145,90000,0.984928,0.984928
11830,High Risk,1,0.5435,0.0175371428571428,0,3,1,6,0.0498747178965824,1163.8448350188266,30000,0.9848637,0.9848637
9273,High Risk,1,0.4667299999999999,0.0089737142857142,0,2,0,6,0.0414519975331245,1685.0864666241907,100000,0.98481226,0.98481226
27665,High Risk,1,0.3275625,0.013685,0,2,0,6,0.0657834924840415,2269.690463477344,80000,0.9847596,0.9847596
26850,Medium Risk,1,0.4188499999999999,0.04174,3,2,2,2,0.1149743730203873,1616.430635690873,20000,0.9847499,0.9847499
7926,High Risk,1,0.6902533333333333,0.0121897142857142,0,2,0,6,0.0436505777161732,1301.6754843918152,50000,0.9847305,0.9847305
28373,High Risk,1,0.350035,0.0088602857142857,0,2,0,6,0.0570065221915452,1893.6993161534383,100000,0.98471904,0.98471904
848,Medium Risk,1,0.7996166666666668,-0.096988,4,2,2,1,0.0455707950383687,10475.810983721818,50000,0.9846677,0.9846677
9152,High Risk,1,0.0027712121212121,0.0007542857142857,3,3,4,1,3.38664156138646,1006.8725175843596,440000,0.98465234,0.98465234
28663,High Risk,1,0.8545466666666667,0.0137977142857142,0,2,0,6,0.0379564688393093,1519.2608290437383,50000,0.98461044,0.98461044
29452,Medium Risk,1,0.7571,0.0818228571428571,2,2,2,2,0.1146132088417343,1603.287372868632,10000,0.9845781,0.9845781
7663,High Risk,1,0.5240630952380952,0.0089120408163265,0,2,0,6,0.0337958821255622,2477.2598100858672,140000,0.98452294,0.98452294
20757,High Risk,1,0.783325,0.0263157142857142,0,3,1,6,0.0537377276170468,2290.2960507323064,40000,0.9845108,0.9845108
24751,Medium Risk,1,0.6851833333333334,-0.0303422857142857,3,2,2,2,0.051947351543765,3217.4431722513245,50000,0.984462,0.984462
5349,High Risk,1,0.7496886363636364,-0.1106894805194805,2,2,2,3,0.0470499951939363,54392.45068481471,220000,0.9844387,0.9844387
7417,Medium Risk,0,0.676209090909091,-0.1383922077922078,4,2,2,1,0.0445664625313788,30809.83221635587,110000,0.9843322,0.9843322
13784,High Risk,1,0.8115666666666668,-0.0097085714285714,0,5,3,6,0.0201110711074238,288.80627878677893,10000,0.98429996,0.98429996
25011,Medium Risk,0,0.5536800000000001,-0.1161074285714285,4,2,2,1,0.0417540799157165,13926.33103153878,50000,0.98423934,0.98423934
29202,High Risk,1,0.9012833333333332,0.0261657142857142,2,2,2,3,0.0584452346524648,1067.0275847730773,20000,0.98423713,0.98423713
10116,High Risk,1,0.5661166666666667,0.0435228571428571,0,2,1,6,0.1187797791000333,889.1968098608241,10000,0.98416716,0.98416716
27083,High Risk,1,0.6876145833333335,0.0209267857142857,0,2,0,6,0.0430677873417611,3265.593815321597,80000,0.98414296,0.98414296
21318,High Risk,1,0.6603977777777778,0.0037340952380952,0,3,1,6,0.0310552720202145,1528.5616332574446,150000,0.9841145,0.9841145
10547,High Risk,1,0.9245055555555556,0.0209838095238094,0,3,1,6,0.0408233685463673,1335.494877064928,30000,0.98409677,0.98409677
14615,High Risk,1,0.0142,-7.535241265905821e-19,0,6,4,6,0.0,0.0,10000,0.9840434,0.9840434
9788,High Risk,1,0.5862846153846154,0.0120989010989011,2,2,2,3,0.0366417374315163,3314.6443549798823,130000,0.9840373,0.9840373
19105,Medium Risk,1,0.4812055555555556,0.034075238095238,3,2,2,2,0.1151147836981932,2045.8407969992843,30000,0.9840348,0.9840348
24057,High Risk,1,0.8056416666666667,0.0102699999999999,2,4,4,3,0.0488361073855816,703.1774787823247,20000,0.9838986,0.9838986
27158,High Risk,1,0.1465925925925925,0.0053238095238095,0,2,0,6,0.0648217272606316,979.1575290353778,90000,0.98388946,0.98388946
19802,Medium Risk,1,0.1609166666666666,0.00966,3,2,3,2,2.031478034647676,719.8503779721634,10000,0.98381686,0.98381686
20671,Medium Risk,1,0.5800071428571429,0.021205306122449,2,2,2,2,0.0502249494213478,3048.0483427924823,70000,0.9838165,0.9838165
22081,High Risk,1,0.2531183333333334,0.0144734285714285,2,2,2,3,0.0777000060652892,2948.310459681386,100000,0.98380685,0.98380685
14892,High Risk,1,0.0489999999999999,-0.0017142857142857,0,7,5,6,0.0,244.94897427831785,50000,0.9837683,0.9837683
18519,High Risk,1,0.6949958333333334,0.0132092857142857,0,2,0,6,0.0421901760362727,1187.6547337785787,40000,0.98373485,0.98373485
8798,High Risk,1,0.6600952380952382,0.0120416326530612,0,2,0,6,0.0416849613865829,1765.183918651727,70000,0.98366207,0.98366207
21034,High Risk,1,0.9330166666666666,0.0273542857142857,0,3,1,6,0.057536900010985,1222.2642376616714,20000,0.9835175,0.9835175
8140,High Risk,1,1.0170433333333333,-0.0101502857142857,2,2,2,3,0.0438865329483536,1295.4388316962968,50000,0.9834991,0.9834991
18193,High Risk,1,0.5315071428571428,0.014998775510204,0,2,0,6,0.0553934325429665,2164.9080119025843,70000,0.9834698,0.9834698
2779,Medium Risk,1,0.8240660256410256,-0.0407176923076923,4,2,2,1,0.0441695561593068,27666.22064841287,260000,0.9834446,0.9834446
21428,Medium Risk,1,0.4359893939393939,-0.0516890909090909,4,2,2,1,0.0644278884090486,18444.851459598874,110000,0.98344177,0.98344177
15843,High Risk,1,0.8504942028985507,0.0181411180124223,2,2,2,3,0.0471939840891956,8945.557817524106,230000,0.9833776,0.9833776
17156,High Risk,1,0.3506499999999999,0.0235457142857142,0,3,1,6,0.0877107305191761,1461.2716037752873,30000,0.9833467,0.9833467
23688,High Risk,1,0.5864900000000001,0.0134942857142857,0,2,0,6,0.0429109236706502,1322.6609164861566,50000,0.98334277,0.98334277
4584,High Risk,1,0.5396636363636363,0.0091735064935064,0,2,0,6,0.0343320020442335,1895.1524476938523,110000,0.98332834,0.98332834
15779,High Risk,1,0.6524416666666667,0.0106671428571429,0,3,1,6,0.0517117159277087,555.570127586668,20000,0.98332685,0.98332685
9947,High Risk,1,0.8388,0.017327619047619,2,2,2,3,0.0454021691965526,1215.494138200592,30000,0.98326945,0.98326945
27468,High Risk,1,0.901150606060606,-0.0163236883116882,2,2,2,3,0.0424393559720074,28404.46653198519,550000,0.98326206,0.98326206
4680,Medium Risk,1,0.5985454545454546,-0.0974,4,2,2,1,0.0420982658252772,22898.597433030696,110000,0.98322946,0.98322946
28891,Medium Risk,0,0.5127133333333332,-0.0008114285714285,3,2,3,2,0.218693442337678,571.2661959775554,50000,0.98315465,0.98315465
17359,High Risk,1,0.2418111111111111,0.0063542857142857,0,3,1,6,0.0495668638714343,1748.170090885514,120000,0.9830957,0.9830957
17713,High Risk,1,0.2027055555555555,0.011931746031746,0,2,0,6,0.0806235021639949,2104.3910045426446,90000,0.9830905,0.9830905
15186,High Risk,0,0.2506,-0.0056609523809523,0,2,0,6,0.3165040045679784,1847.3023574932176,30000,0.9830867,0.9830867
17911,Medium Risk,1,0.46243,-0.0739999999999999,4,2,2,1,0.0505493587282662,15918.99878761224,100000,0.9830679,0.9830679
15513,High Risk,1,0.6900722222222222,0.0160161904761904,0,2,0,6,0.0555391216514294,1012.8671021741532,30000,0.9829695,0.9829695
16340,High Risk,1,0.5665444444444445,0.0168990476190476,0,2,0,6,0.0630520595640782,1193.7960741544875,30000,0.9829691,0.9829691
9452,High Risk,1,0.3283966666666666,0.0085948571428571,0,2,0,6,0.0462289098327671,926.3058710094992,50000,0.98290527,0.98290527
14582,High Risk,1,0.1628128205128205,0.0058624175824175,0,2,0,6,0.0585455417169219,1606.5810488944112,130000,0.9828872,0.9828872
1030,Medium Risk,1,0.9645944444444444,-0.0119761904761904,2,2,2,2,0.0427871473975434,1383.8137760069692,30000,0.9828757,0.9828757
13779,High Risk,1,0.8523555555555555,0.0175809523809523,0,2,0,6,0.0478496371662785,1001.7819456681513,30000,0.9828555,0.9828555
29748,High Risk,1,1.0048388888888888,-0.0048288888888889,2,2,2,3,0.0413886056352964,1614.6686037698262,90000,0.9828362,0.9828362
8047,High Risk,0,0.9152611111111112,0.0171323809523809,0,3,1,6,0.032503696858533,1274.7750259032637,30000,0.98282754,0.98282754
14279,Medium Risk,1,0.5154233333333332,0.0064645714285713,4,2,3,1,0.2186681495739377,819.3957326387945,50000,0.9828114,0.9828114
6962,Medium Risk,0,0.9492571428571428,0.0195322448979592,2,2,2,2,0.0337266076283946,2931.114804984616,70000,0.98281,0.98281
7056,High Risk,1,0.8069666666666667,-0.0499809523809523,3,3,3,2,0.0366866139958268,3751.4629679632985,30000,0.98279285,0.98279285
12192,High Risk,1,0.042,-3.2123399419371487e-18,0,4,2,6,0.3095238095238095,0.0,10000,0.9827634,0.9827634
7744,High Risk,1,0.990825,0.0218642857142857,0,3,1,6,0.0441932764901012,839.0324785131979,20000,0.98274565,0.98274565
9063,High Risk,1,0.6672452380952381,0.0177889795918367,0,2,0,6,0.0430921295346689,2460.3605765551247,70000,0.98272943,0.98272943
15785,Medium Risk,1,0.9338566666666668,-0.0182531428571429,2,2,2,2,0.0345432327135996,2054.726397033597,50000,0.9827229,0.9827229
20904,High Risk,1,0.0124999999999999,-3.0982123349374053e-19,0,7,5,6,0.0,0.0,20000,0.98271734,0.98271734
14650,High Risk,1,0.8513383333333335,0.0202894285714285,0,2,0,6,0.0465784493206614,7948.019644330698,200000,0.98271424,0.98271424
7536,High Risk,1,0.5214348484848484,0.0103155844155844,0,2,0,6,0.0516442292513224,2411.601660031496,110000,0.9826346,0.9826346
7505,High Risk,1,0.2417888888888888,0.0049819047619047,0,2,0,6,0.0463218163352125,1128.7431358226136,120000,0.9824979,0.9824979
10103,High Risk,1,0.22075,0.0123495238095238,2,2,2,3,0.1189814810963896,991.4857033765036,30000,0.9824744,0.9824744
27763,Medium Risk,0,0.5818833333333334,0.0222771428571428,4,2,3,1,0.4511366175301652,1458.4109731713716,10000,0.98244053,0.98244053
9099,High Risk,1,0.3445487179487179,0.0075727472527472,0,2,0,6,0.0457374493255058,1879.2064992082871,130000,0.9824149,0.9824149
13021,High Risk,1,0.9343166666666668,0.0236599999999999,0,3,1,6,0.038985368021367,1096.4841388121702,20000,0.9823752,0.9823752
23950,High Risk,1,0.7401333333333334,0.0176285714285714,2,3,3,3,0.0402070844977525,992.0759379536764,20000,0.98229665,0.98229665
17252,Medium Risk,1,0.773875,-0.0459128571428571,3,2,2,2,0.0678255364378704,4793.600515270333,20000,0.9822254,0.9822254
8049,High Risk,1,0.5730928571428572,0.0248991836734694,0,3,1,6,0.0683229122110598,3432.427289834411,70000,0.98220223,0.98220223
12781,Medium Risk,1,0.9542972222222222,0.0901557142857142,2,2,2,2,0.117421803751098,12419.825367800737,60000,0.98217565,0.98217565
6918,High Risk,1,0.9304444444444444,0.0085005714285714,2,2,2,3,0.0328761746033819,5759.58695278287,300000,0.9821738,0.9821738
21531,High Risk,1,0.7826166666666666,-0.1255533333333333,0,3,1,6,0.028624474636672,15131.207843394392,60000,0.9821414,0.9821414
19131,High Risk,1,0.20775,0.0122682539682539,0,2,0,6,0.0771575824933245,2238.553171135321,90000,0.9821098,0.9821098
19552,Medium Risk,0,0.2233944444444444,-0.1344961904761905,3,2,3,2,0.0181799141271337,8747.892327107524,30000,0.9820895,0.9820895
9228,High Risk,1,0.6040583333333334,0.0024014285714285,2,4,4,3,0.0288339580934471,509.9087826922249,20000,0.9820433,0.9820433
13576,High Risk,1,0.2346958333333333,0.0180921428571428,0,2,0,6,0.1917914776002742,1849.745865427645,40000,0.98204124,0.98204124
13479,High Risk,1,0.5568222222222222,0.0161942857142857,0,2,0,6,0.061886636652001,1023.7963990299372,30000,0.98202986,0.98202986
8179,High Risk,1,0.83562,0.0163051428571428,0,2,0,6,0.0423736945479035,1533.611945702041,50000,0.9820294,0.9820294
6630,High Risk,1,0.6928666666666666,0.0117809523809524,0,2,0,6,0.0526873221803635,817.6319465382942,30000,0.9819886,0.9819886
27840,Medium Risk,1,0.821605,-0.0676477142857142,4,2,2,1,0.0457633192905816,13848.22112402889,100000,0.9819608,0.9819608
2580,Medium Risk,1,0.9899166666666668,0.0422628571428571,2,2,2,2,0.0601246353492768,1788.2694055054085,20000,0.981952,0.981952
19242,Medium Risk,1,0.4033555555555555,0.0264133333333333,4,2,2,1,0.092334580558588,1550.6235734912152,30000,0.9819473,0.9819473
8270,High Risk,1,0.0070166666666666,0.0003485714285714,0,2,0,6,0.6470077115238406,222.91164168791184,120000,0.9819463,0.9819463
3513,High Risk,1,0.7514,0.0131647619047619,0,2,0,6,0.0419548823950306,1791.2008262615334,60000,0.9819047,0.9819047
5393,Medium Risk,1,0.2584314814814815,0.0171565079365079,3,2,2,2,0.0792565989559946,2996.3553471954338,90000,0.9819026,0.9819026
29825,High Risk,1,0.3096958333333333,0.017275,0,2,0,6,0.0855514787431291,1389.3914375245972,40000,0.98188925,0.98188925
5049,High Risk,1,0.9832604166666666,0.0110475,2,2,2,3,0.0512578069338086,3489.9898805965995,80000,0.98172164,0.98172164
17474,Medium Risk,1,0.34345,0.0439914285714285,3,2,3,2,3.276204809267661,1802.2164964287724,10000,0.98162454,0.98162454
20662,Medium Risk,0,0.6587916666666667,-0.1214905714285713,3,2,2,2,0.0234407524943778,25367.77459231824,100000,0.9816082,0.9816082
27801,High Risk,1,0.3617416666666667,0.0133825714285714,0,2,0,6,0.0719175143849404,3151.102182834868,100000,0.98152304,0.98152304
27846,High Risk,1,0.7852833333333332,0.0326238095238094,2,2,2,3,0.0667686495816298,1965.840151182186,30000,0.98147744,0.98147744
6667,Medium Risk,1,0.8219233333333333,-0.0451194285714285,3,2,2,2,0.1650254253829193,8279.605532068945,50000,0.98141265,0.98141265
17317,Medium Risk,1,0.3708833333333333,-0.0054382857142857,3,2,2,2,0.0487507997512723,1181.0516359019475,50000,0.98138106,0.98138106
1937,Medium Risk,1,0.1941416666666666,-0.0833871428571427,3,2,3,2,0.6212028492277656,7975.165212499779,20000,0.9813757,0.9813757
14707,High Risk,1,0.3648233333333334,0.0086525714285714,0,2,0,6,0.0607313972820184,2031.0766274728944,100000,0.9813597,0.9813597
15684,Medium Risk,0,0.7568250000000001,-0.02191,3,2,2,2,0.0678565291944529,1998.513322447464,20000,0.98128957,0.98128957
4354,High Risk,1,0.8695750000000001,0.0022185714285714,1,2,2,5,0.1101435587156612,1784.3019643546884,20000,0.98126125,0.98126125
20495,Medium Risk,1,0.951597222222222,0.0008209523809524,2,2,2,2,0.0324580661879551,4093.0424706649046,120000,0.9812371,0.9812371
15960,High Risk,1,1.2132600000000002,-0.0256091428571429,3,2,2,2,0.0502685664177081,3672.574410410224,50000,0.98122704,0.98122704
26620,High Risk,1,0.7829833333333335,0.0774599999999999,2,2,2,3,0.132148888749619,1619.405744915914,10000,0.9812065,0.9812065
16559,High Risk,1,0.055,2.752801177925541e-18,0,4,2,6,0.0,0.0,30000,0.98120475,0.98120475
24713,Medium Risk,1,0.5082,0.0348742857142857,3,2,2,2,0.0979754537683716,1365.7507825368434,20000,0.98119664,0.98119664
16714,High Risk,1,0.8826575757575758,0.0214002597402597,3,3,3,2,0.0388515332247018,9164.294640978467,220000,0.9811725,0.9811725
16626,High Risk,1,0.6559566666666666,0.0151411428571429,0,2,0,6,0.0486209152175532,1442.6215604470449,50000,0.98109895,0.98109895
19043,High Risk,1,0.2533595238095238,0.0129073469387755,2,2,2,3,0.0691876024663713,1792.946225257932,70000,0.9809826,0.9809826
17615,High Risk,1,0.5357270833333333,0.0104632142857143,0,2,0,6,0.0432387941269903,1577.8341378822638,80000,0.98096573,0.98096573
8495,Medium Risk,0,0.1101733333333333,-0.0060354285714285,4,2,2,1,0.0891108958526122,1182.5575109341055,50000,0.98095506,0.98095506
19318,High Risk,1,0.41296,0.01244,0,2,0,6,0.0493399282502742,1309.558246127296,50000,0.9809079,0.9809079
29818,Medium Risk,1,0.2583533333333332,0.0076297142857142,4,2,2,1,0.1188290201710925,1017.9250791029104,50000,0.98090416,0.98090416
12018,High Risk,1,0.28379,0.0196417142857142,2,2,2,3,0.0990569446479148,2106.278495356205,50000,0.98080945,0.98080945
5743,High Risk,1,0.7879833333333334,0.0001438095238095,0,2,0,6,0.0504350151702447,1494.60332530073,30000,0.9807567,0.9807567
3964,High Risk,1,0.2173851851851852,0.0092723809523809,0,2,0,6,0.0574007109426152,1725.9016966984727,90000,0.98074627,0.98074627
6910,High Risk,1,0.9103277777777776,0.0480790476190476,2,2,2,3,0.0735079806470314,2897.069651676788,30000,0.9807145,0.9807145
28262,High Risk,1,0.9685833333333332,0.0235371428571428,0,3,1,6,0.0524522788026218,898.9746752087439,20000,0.9806698,0.9806698
761,Medium Risk,1,0.5732633333333332,-0.1092291428571428,3,2,2,2,0.0378417737250094,11479.433094306822,50000,0.9805989,0.9805989
12898,High Risk,1,0.461025,0.0396185714285714,3,3,3,2,0.1135423551450179,1691.5892823022969,20000,0.98059595,0.98059595
4884,High Risk,1,0.8409733333333334,0.0177447619047618,2,2,2,3,0.0444126302476187,5433.721229507454,150000,0.98055685,0.98055685
10152,High Risk,1,1.0137555555555555,0.0028838095238095,0,3,1,6,0.0253278421783377,1035.9769624208188,60000,0.9805351,0.9805351
11485,High Risk,1,0.9128722222222222,0.0218447619047618,0,2,0,6,0.047551280896992,1298.2761519286514,30000,0.9805322,0.9805322
5682,High Risk,1,0.4705055555555555,0.0168314285714285,0,2,0,6,0.0747312951936448,1188.7918937588136,30000,0.98052865,0.98052865
21635,Medium Risk,1,0.5117200000000001,-0.0082594285714285,4,2,2,1,0.0518947877216545,2560.6028196500915,50000,0.9804534,0.9804534
21322,High Risk,1,0.8590688888888889,0.015931619047619,0,2,0,6,0.0344899354674341,8961.461882230302,300000,0.98044205,0.98044205
29343,High Risk,1,0.7733333333333334,0.0138990476190476,0,2,1,6,0.051075271132201,930.4216248561723,30000,0.98033994,0.98033994
27214,High Risk,1,0.38094,0.0103639999999999,2,2,2,3,0.0690411312761058,2177.325607253081,100000,0.9803176,0.9803176
23711,High Risk,1,0.484855,0.0123574285714285,0,2,0,6,0.0427128106193922,2400.6194825502853,100000,0.98024356,0.98024356
23692,High Risk,1,0.4022583333333334,0.01653,0,3,1,6,0.0943985293374602,890.7586466976712,20000,0.98011327,0.98011327
4910,Medium Risk,1,0.6892777777777778,0.0094361904761904,3,2,2,2,0.1343425569823407,2582.822616183053,30000,0.9801107,0.9801107
27512,Medium Risk,1,0.6536083333333333,0.0407128571428571,4,2,2,1,0.1388216034887975,1673.058685960139,20000,0.9800638,0.9800638
20360,High Risk,1,0.935525,0.0415528571428572,0,3,1,6,0.0731551515640158,1894.1341821528904,20000,0.980056,0.980056
9662,High Risk,1,0.670811111111111,0.0282819047619047,0,2,0,6,0.0710904269286113,1831.9176473484465,30000,0.98003334,0.98003334
23900,Medium Risk,1,0.5980249999999999,-0.1826814285714286,3,2,4,2,0.0977000111493194,9421.46444561566,20000,0.979999,0.979999
12298,Medium Risk,1,0.3362183333333333,-0.0406311428571428,4,2,2,1,0.0356393616939251,12796.554152062448,100000,0.97999614,0.97999614
10282,Medium Risk,0,0.941575,-0.0102928571428571,2,2,2,2,0.039282278755293,2155.78234059007,60000,0.9799469,0.9799469
116,High Risk,1,0.6536666666666667,0.0256380952380952,3,3,4,2,0.0551644480065345,1645.6070004712549,30000,0.97978735,0.97978735
10964,High Risk,1,0.4140111111111111,0.0115847619047619,0,2,0,6,0.058171719240858,1471.3190907028516,60000,0.97978276,0.97978276
24103,Medium Risk,1,0.49447,0.0149285714285714,3,2,2,2,0.0559830748469233,1534.5990681608014,50000,0.97973996,0.97973996
17547,Medium Risk,1,0.6929066666666667,0.026632,3,2,2,2,0.0533371244923464,2543.303494800938,50000,0.9796005,0.9796005
2428,High Risk,1,0.5637733333333333,0.008616,2,2,2,3,0.0466235194205688,1020.1001258046518,50000,0.9795746,0.9795746
7138,High Risk,1,0.2807509259259259,0.0062487301587301,0,2,0,6,0.0434741450159608,2124.6809093759625,180000,0.97952306,0.97952306
20933,High Risk,1,0.5521615384615385,0.0136786813186813,0,2,0,6,0.0422643415017534,3730.907074693767,130000,0.97950816,0.97950816
11334,Medium Risk,1,0.8144833333333333,0.0366571428571428,3,2,2,2,0.0673447833138206,1508.734922597958,20000,0.97948724,0.97948724
9661,High Risk,1,0.9414777777777776,0.0194380952380952,0,2,0,6,0.0435201566896468,1317.1468660201365,30000,0.97944665,0.97944665
7469,High Risk,1,0.6573833333333333,0.0439428571428571,0,2,1,6,0.0954011599037212,1806.0236617128432,20000,0.9793799,0.9793799
17545,High Risk,1,0.4318999999999999,0.0409085714285714,2,2,2,3,0.1226504371958019,1683.1053442966663,20000,0.9793743,0.9793743
8105,High Risk,1,0.5554698717948717,0.0108245054945054,2,2,2,3,0.0328034055362956,6486.432622533489,260000,0.97934794,0.97934794
23866,Medium Risk,1,0.7546814814814814,-0.062222857142857,3,2,2,2,0.0314462755768052,10741.23547207986,90000,0.9793226,0.9793226
23088,High Risk,1,0.78848,0.0034457142857142,0,2,0,6,0.0410196507549617,1649.5892822154246,100000,0.97917706,0.97917706
29772,High Risk,1,0.7187333333333333,-0.0031657142857142,1,4,5,5,0.0942188258632861,292.06209385448614,10000,0.9791479,0.9791479
24039,High Risk,1,0.8802333333333333,0.0208310204081632,0,3,1,6,0.0434507231685674,3466.375609576473,70000,0.9791272,0.9791272
17832,Medium Risk,1,0.1399633333333333,0.0039811428571428,4,2,2,1,0.1503258510734692,1102.7308677400242,50000,0.97909844,0.97909844
12236,Medium Risk,1,0.8995833333333333,0.0121857142857143,4,2,2,1,0.0548408728179359,808.3852217022937,20000,0.9790659,0.9790659
16964,High Risk,1,0.5300939393939395,0.0089418181818181,0,2,0,6,0.0421043790164741,1844.9409385307345,110000,0.9790082,0.9790082
2418,High Risk,1,1.0155611111111111,2.761904761899892e-05,3,2,2,2,0.0437445026129875,287.2012650854217,30000,0.97900075,0.97900075
7155,High Risk,1,0.4413928571428571,0.01534,0,2,0,6,0.0597549918025983,2252.977208051604,70000,0.97895676,0.97895676
22246,High Risk,0,0.6143833333333334,0.0368180952380952,2,2,2,3,0.0772598721898924,2176.636924248048,30000,0.9789457,0.9789457
7877,High Risk,1,0.3238562499999999,0.0109167857142857,0,2,0,6,0.060628900395792,1937.530051379849,80000,0.97893834,0.97893834
26087,High Risk,1,1.177653645833333,-0.1548441964285715,5,2,2,1,0.0248856358260066,119057.23757322216,320000,0.9788809,0.9788809
25221,Medium Risk,0,0.8258666666666666,0.0732571428571429,2,2,2,2,0.1085645368931587,1481.4373650838793,10000,0.9788223,0.9788223
18006,High Risk,1,0.3367166666666666,0.0115266666666666,0,2,0,6,0.0637417913279864,2222.8728933522043,90000,0.9787991,0.9787991
29745,High Risk,1,0.6558944444444444,0.0084771428571428,0,4,1,6,0.0431013344543849,1087.2943330426526,30000,0.9787988,0.9787988
3010,High Risk,1,0.8044222222222221,0.0173638095238095,2,2,2,3,0.0456926436939143,1147.6904925399822,30000,0.9787658,0.9787658
3501,High Risk,1,0.65365,0.0282066666666666,0,2,0,6,0.0690633694586845,1754.3115743789642,30000,0.97875834,0.97875834
14797,High Risk,1,0.9109166666666668,-0.0053685714285714,0,2,0,6,0.0375229750410634,1240.3000309065008,50000,0.9787552,0.9787552
26737,High Risk,1,0.6953833333333334,0.0125671428571428,0,2,1,6,0.0461175228389339,2341.6188986824195,80000,0.9787517,0.9787517
24969,Medium Risk,1,0.4132433333333333,0.0162582857142857,2,2,2,2,0.0531105942828372,3310.2503027213315,100000,0.9787305,0.9787305
18336,High Risk,1,0.4334166666666666,0.0462685714285714,3,3,3,2,0.1102459029109372,1837.264669737778,20000,0.9787258,0.9787258
8809,Medium Risk,1,0.0844291666666666,0.00352,2,2,2,2,0.0759772205998149,713.7970766728222,80000,0.9787048,0.9787048
22434,High Risk,1,1.1027133333333332,0.0381422857142856,4,2,2,1,0.0849271769451193,8019.24404583541,100000,0.97862,0.97862
27500,High Risk,1,0.3920666666666667,0.0191571428571428,0,3,1,6,0.0979146784820473,954.370508066268,20000,0.9785292,0.9785292
9958,High Risk,1,1.0833222222222223,-0.0043123809523808,3,2,2,2,0.0779273086058165,1458.9043377365997,30000,0.97852534,0.97852534
29361,Medium Risk,1,0.0809984848484848,-0.0065581818181818,4,2,2,1,0.2431316746125528,1822.6979362106783,110000,0.978513,0.978513
27791,Medium Risk,1,0.8148,0.0201190476190475,2,2,2,2,0.0410340669596604,2476.204111134621,60000,0.9785014,0.9785014
26713,High Risk,0,0.5165000000000001,0.0181409523809524,0,2,0,6,0.1007228706477143,1331.4040708965854,30000,0.97840893,0.97840893
19588,High Risk,1,0.3963833333333333,0.0084942857142857,0,2,0,6,0.0634199895539166,820.4376068091142,40000,0.9784067,0.9784067
14175,High Risk,1,0.1361726666666667,0.0066170285714285,2,2,2,3,0.067500446250161,3231.183400345246,250000,0.978395,0.978395
29026,High Risk,1,0.963725925925926,-0.0004590476190476,2,3,3,3,0.025864786498592,2317.330677021876,90000,0.9783919,0.9783919
2773,High Risk,1,0.88997,0.0126897142857143,0,3,1,6,0.0279407753322818,1341.9911698666276,50000,0.9783237,0.9783237
2103,High Risk,1,0.4205333333333332,-0.0039828571428571,0,4,3,6,0.0748630138349063,226.55124512274628,10000,0.97829115,0.97829115
858,High Risk,1,0.52379,0.0062445714285714,0,2,0,6,0.0421298536443731,1290.2745444284328,100000,0.97828627,0.97828627
26943,High Risk,1,0.5299166666666667,0.0670485714285714,0,2,1,6,0.3054996418802406,1357.4223243584388,10000,0.9782607,0.9782607
6917,High Risk,1,0.9098666666666668,0.0516857142857142,2,2,2,3,0.1138114242294042,1194.787121903591,10000,0.97824824,0.97824824
16155,Medium Risk,1,0.4910812499999999,-0.1136174999999999,4,2,2,1,0.0587966096964088,17212.398493527857,80000,0.97823125,0.97823125
1870,High Risk,1,0.8871833333333333,0.0204414285714286,0,2,0,6,0.0430874694486356,1664.979959839357,40000,0.9782161,0.9782161
1207,High Risk,1,0.3294452380952381,0.0144795918367347,0,2,0,6,0.0627563309809991,2022.7682434393384,70000,0.9782056,0.9782056
3840,High Risk,1,0.5840333333333333,0.0082217142857142,2,2,2,3,0.0393505756553715,986.5644766900268,50000,0.9781877,0.9781877
15152,High Risk,1,0.8372625,-0.0779214285714286,2,2,2,3,0.034274448329628,13231.003469125084,80000,0.97806054,0.97806054
19345,High Risk,1,0.7719583333333332,0.0227414285714285,0,2,0,6,0.0595072734427669,979.6153156554192,20000,0.9779458,0.9779458
6120,High Risk,1,0.4630766666666666,0.0149902857142857,2,2,2,3,0.0628722416465078,1580.1918132513745,50000,0.97794116,0.97794116
16593,High Risk,1,0.5131595238095238,0.0110689795918367,0,2,0,6,0.0456728444030959,1462.330799329162,70000,0.9779273,0.9779273
6624,Medium Risk,1,0.4989499999999999,0.0877228571428571,3,2,2,2,0.2733699427340068,3492.8954178446284,20000,0.97789943,0.97789943
10871,High Risk,1,0.7560749999999999,0.0124507142857143,0,2,0,6,0.0352769717159359,1884.414073392576,80000,0.97771215,0.97771215
2145,High Risk,1,0.2918416666666666,0.0213871428571428,2,3,3,2,0.0807282557859323,898.5771901548952,20000,0.97765577,0.97765577
20481,Medium Risk,1,0.29971,-0.0165651428571428,4,2,2,1,0.358290066309687,4863.390699912973,50000,0.977581,0.977581
24997,High Risk,1,0.91051875,0.0148203571428572,2,2,2,3,0.0409281843117642,2866.574593482612,80000,0.9774179,0.9774179
4247,Medium Risk,0,0.4475666666666666,-0.1381417142857143,4,2,2,1,0.0496176703275091,14697.06329396001,50000,0.9773942,0.9773942
2471,High Risk,1,0.7043928571428572,-0.0079844897959183,0,2,0,6,0.0287140834918501,5444.917409841953,140000,0.9773351,0.9773351
26780,High Risk,0,0.2799233333333333,0.0130965714285714,2,2,2,3,0.0731955563515579,1371.9695939293504,50000,0.9773104,0.9773104
1095,Medium Risk,0,0.6674333333333333,-0.1422662857142857,3,2,2,2,0.0422026873056175,15141.633434562687,50000,0.9772613,0.9772613
2852,Medium Risk,1,0.3482555555555555,0.0106647619047619,3,2,2,2,0.0578822353788269,668.405166546958,30000,0.97717535,0.97717535
19146,High Risk,1,0.6565766666666666,0.0104914285714285,0,2,0,6,0.0408548602752467,2388.531906143744,100000,0.9771527,0.9771527
4770,High Risk,1,0.6828166666666666,-0.0936977142857142,3,3,3,2,0.029603498615845,19697.609760239106,100000,0.9770966,0.9770966
28082,High Risk,1,0.8323999999999999,-0.0044514285714285,0,5,3,6,0.0412950691862618,305.9490153604028,10000,0.97706974,0.97706974
28645,High Risk,1,1.0658833333333333,-0.0009177142857143,0,2,0,6,0.0420962499723328,1198.9384749296632,100000,0.9770158,0.9770158
18074,High Risk,1,0.7602257575757575,-0.0132870129870129,0,2,0,6,0.0354291686242707,3347.7606495486903,110000,0.97701573,0.97701573
15600,Medium Risk,1,0.4004999999999999,-0.0382222222222222,3,2,2,2,0.0414890642169393,7028.759207712269,90000,0.97699636,0.97699636
20886,Medium Risk,1,0.7742641666666666,-0.0134161428571428,3,2,2,2,0.0478521976022803,14731.063918355208,200000,0.9769348,0.9769348
11465,Medium Risk,1,0.4430555555555555,-0.1238685714285715,3,2,2,2,0.0928769301509054,8163.547015033764,30000,0.97693455,0.97693455
10862,High Risk,1,0.0043181818181818,-0.0008181818181818,0,4,2,6,1.0233333333333332,199.37402037376887,110000,0.97689146,0.97689146
17130,High Risk,1,0.31419375,0.0141310714285714,0,2,0,6,0.060094464904296,2268.3524197090715,80000,0.9768688,0.9768688
6319,Medium Risk,1,0.8002083333333334,0.03853,4,2,2,1,0.0652382077987416,1479.4796945773426,20000,0.9768673,0.9768673
20441,High Risk,1,0.67209,0.0124268571428571,0,2,1,6,0.0518148862243018,1361.100694291205,50000,0.97673506,0.97673506
18063,High Risk,1,0.3851599999999999,0.0309737142857142,0,3,1,6,0.0999632308276182,3394.492421555836,50000,0.9766892,0.9766892
12588,High Risk,1,0.9074333333333334,0.0612228571428571,2,2,2,3,0.1040167520963152,1283.642733266023,10000,0.97667557,0.97667557
8882,Medium Risk,0,0.0232587301587301,-0.0028979591836734,5,1,1,1,0.728688345728147,2245.326316299408,210000,0.97666,0.97666
23653,Medium Risk,1,0.1715333333333333,-0.0021857142857142,3,2,4,2,0.0,5594.3915367684685,20000,0.97660226,0.97660226
29313,High Risk,1,0.7959318181818181,-0.0098459740259741,0,2,0,6,0.0440786606271878,2448.8059743474982,110000,0.9764931,0.9764931
3144,High Risk,1,0.7502357142857142,0.016765306122449,0,2,0,6,0.0407946093090004,2390.5472804360093,70000,0.9764642,0.9764642
20399,High Risk,1,0.6168416666666666,0.0249357142857142,2,3,3,3,0.0746122457225844,1188.161843633546,20000,0.9764281,0.9764281
23527,Medium Risk,1,0.988415,-0.0077717142857142,3,2,2,2,0.0360000794122069,2501.034645901572,100000,0.97636807,0.97636807
