customer_id,risk_tier,default_next_month,avg_utilization,utilization_trend,on_time_months,max_delinquency,delinquency_drift,consecutive_delays,payment_ratio,balance_volatility,credit_limit,risk_score,fraud_risk_score
16040,High Risk,1,0.024999999999999998,-6.19642466987481e-19,0,3,1,6,0.0,0.0,200000,0.998489,0.998489
1967,High Risk,0,0.47630370370370373,-0.007048888888888883,3,1,1,3,3.307610091703303,23064.429996569754,90000,0.9984617,0.9984617
11740,High Risk,1,0.016666666666666666,-7.204835539947783e-19,0,2,0,6,0.0,0.0,300000,0.9984145,0.9984145
9594,High Risk,1,0.015,-8.596562196243261e-19,0,2,0,6,0.0,0.0,20000,0.9984145,0.9984145
7789,High Risk,1,0.012499999999999999,-3.098212334937405e-19,0,2,0,6,0.0,0.0,200000,0.9983816,0.9983816
13712,High Risk,1,0.012499999999999999,-3.098212334937405e-19,0,2,0,6,0.0,0.0,200000,0.9983816,0.9983816
16490,High Risk,1,0.035,-2.091588685201012e-18,0,3,1,6,0.0,0.0,30000,0.9981048,0.9981048
3664,High Risk,1,0.035,-2.091588685201012e-18,0,3,1,6,0.0,0.0,30000,0.9981048,0.9981048
14429,High Risk,1,0.035,-2.091588685201012e-18,0,3,1,6,0.0,0.0,30000,0.9981048,0.9981048
1461,High Risk,1,0.021,-1.606169970968574e-18,0,3,1,6,0.0,0.0,50000,0.9980411,0.9980411
14226,High Risk,1,0.021,-1.606169970968574e-18,0,3,1,6,0.0,0.0,50000,0.9980411,0.9980411
6510,High Risk,1,0.021,-1.606169970968574e-18,0,3,1,6,0.0,0.0,50000,0.9980411,0.9980411
24571,High Risk,1,0.021,-1.606169970968574e-18,0,3,1,6,0.0,0.0,50000,0.9980411,0.9980411
29367,High Risk,1,0.015,-8.596562196243261e-19,0,3,1,6,0.0,0.0,20000,0.99777114,0.99777114
19983,High Risk,1,0.016666666666666666,-7.204835539947783e-19,0,3,1,6,0.0,0.0,300000,0.99777114,0.99777114
27161,High Risk,1,0.015,-8.596562196243261e-19,0,3,1,6,0.0,0.0,20000,0.99777114,0.99777114
21668,High Risk,1,0.0161,-1.0575117405017047e-18,0,3,1,6,0.0,0.0,20000,0.99777114,0.99777114
21013,High Risk,1,0.012499999999999999,-3.098212334937405e-19,0,3,1,6,0.0,0.0,200000,0.9977247,0.9977247
26802,High Risk,1,0.012499999999999999,-3.098212334937405e-19,0,3,1,6,0.0,0.0,200000,0.9977247,0.9977247
24346,High Risk,1,0.012499999999999999,-3.098212334937405e-19,0,3,1,6,0.0,0.0,200000,0.9977247,0.9977247
1957,High Risk,1,0.011363636363636366,-5.78050957563972e-19,0,2,0,6,0.0,0.0,220000,0.99715865,0.99715865
13744,High Risk,1,0.009603846153846156,-3.4570880796229604e-19,0,2,0,6,0.0,0.0,260000,0.99691284,0.99691284
6045,High Risk,1,0.009914,-3.597973099329525e-19,0,2,0,6,0.0,0.0,500000,0.99691284,0.99691284
10745,High Risk,1,0.008864285714285713,-4.0109902683438143e-19,0,2,0,6,0.0012087026591458502,0.0,280000,0.99690896,0.99690896
29419,High Risk,1,0.105,-1.2195633477268375e-18,0,3,1,6,0.0,0.0,10000,0.9968521,0.9968521
17927,High Risk,1,0.105,-1.2195633477268375e-18,0,3,1,6,0.0,0.0,10000,0.9968521,0.9968521
6085,High Risk,1,0.105,-1.2195633477268375e-18,0,3,1,6,0.0,0.0,10000,0.9968521,0.9968521
4007,High Risk,1,0.105,-1.2195633477268375e-18,0,3,1,6,0.0,0.0,10000,0.9968521,0.9968521
1752,High Risk,1,0.105,-1.2195633477268375e-18,0,3,1,6,0.0,0.0,10000,0.9968521,0.9968521
18136,High Risk,1,0.105,-1.2195633477268375e-18,0,3,1,6,0.0,0.0,10000,0.9968521,0.9968521
17809,High Risk,1,0.105,-1.2195633477268375e-18,0,3,1,6,0.0,0.0,10000,0.9968521,0.9968521
17757,High Risk,1,0.24,-1.3754499513989217e-17,0,7,5,6,0.0,0.0,10000,0.9966719,0.9966719
17034,High Risk,1,0.24,-1.3754499513989217e-17,0,7,5,6,0.0,0.0,10000,0.9966719,0.9966719
13407,High Risk,1,0.24,-1.3754499513989217e-17,0,7,5,6,0.0,0.0,10000,0.9966719,0.9966719
14245,High Risk,1,0.24,-1.3754499513989217e-17,0,7,5,6,0.0,0.0,10000,0.9966719,0.9966719
5838,High Risk,1,0.24,-1.3754499513989217e-17,0,7,5,6,0.0,0.0,10000,0.9966719,0.9966719
17240,High Risk,1,0.24,-1.3754499513989217e-17,0,7,5,6,0.0,0.0,10000,0.9966719,0.9966719
7240,Medium Risk,1,0.6646912280701754,-0.11175218045112784,4,2,2,1,0.03231590305233831,46893.98364680342,190000,0.996576,0.996576
16933,High Risk,1,0.11275,-1.4495496604273537e-18,0,7,5,6,0.0,0.0,20000,0.9963547,0.9963547
12019,High Risk,1,0.009615384615384616,5.783115280384208e-20,0,2,0,6,0.0,0.0,260000,0.99630725,0.99630725
11075,High Risk,1,0.009615384615384616,5.783115280384208e-20,0,2,0,6,0.0,0.0,260000,0.99630725,0.99630725
14951,High Risk,1,0.009948,9.276402934495964e-19,0,2,0,6,0.0,0.0,250000,0.99630725,0.99630725
12956,High Risk,1,0.008928571428571426,1.8266902723369462e-20,0,2,0,6,0.0,0.0,280000,0.9963026,0.9963026
16001,High Risk,1,0.12,-6.8772497569946084e-18,0,7,5,6,0.0,0.0,20000,0.99618965,0.99618965
20722,High Risk,1,0.12,-6.8772497569946084e-18,0,7,5,6,0.0,0.0,20000,0.99618965,0.99618965
29771,High Risk,1,0.12,-6.8772497569946084e-18,0,7,5,6,0.0,0.0,20000,0.99618965,0.99618965
29580,High Risk,1,0.12,-6.8772497569946084e-18,0,7,5,6,0.0,0.0,20000,0.99618965,0.99618965
28055,High Risk,1,0.12,-6.8772497569946084e-18,0,7,5,6,0.0,0.0,20000,0.99618965,0.99618965
24168,High Risk,1,0.12,-6.8772497569946084e-18,0,7,5,6,0.0,0.0,20000,0.99618965,0.99618965
1486,High Risk,1,0.11499999999999999,-0.004285714285714287,0,7,5,6,0.0,244.94897427831782,20000,0.99604416,0.99604416
6041,High Risk,1,0.11499999999999999,-0.004285714285714287,0,7,5,6,0.0,244.94897427831782,20000,0.99604416,0.99604416
26606,High Risk,1,0.11499999999999999,-0.004285714285714287,0,7,5,6,0.0,244.94897427831782,20000,0.99604416,0.99604416
29992,High Risk,1,0.011904761904761904,-3.9995713671564686e-19,0,3,1,6,0.0,0.0,210000,0.99600756,0.99600756
28852,High Risk,1,0.011363636363636366,-5.78050957563972e-19,0,3,1,6,0.0,0.0,220000,0.99600756,0.99600756
16555,High Risk,1,0.23,-5.194526417703299e-19,0,7,5,6,0.0,0.0,10000,0.99594384,0.99594384
25054,High Risk,1,0.009914,-3.597973099329525e-19,0,3,1,6,0.0,0.0,500000,0.9956626,0.9956626
16163,Medium Risk,1,0.8092395833333335,-0.13546749999999994,4,2,2,1,0.03981486683388174,27477.012511673584,80000,0.99539596,0.99539596
12073,Medium Risk,1,0.6317125,-0.10697928571428564,4,2,2,1,0.035186883495095654,27743.006129473426,120000,0.99522674,0.99522674
17863,High Risk,1,0.22999999999999998,-0.008571428571428574,0,7,5,6,0.0,244.94897427831782,10000,0.9952081,0.9952081
6272,High Risk,1,0.22999999999999998,-0.008571428571428574,0,7,5,6,0.0,244.94897427831782,10000,0.9952081,0.9952081
9871,High Risk,1,0.005454545454545455,1.9846148829662992e-19,0,2,0,6,0.0,0.0,110000,0.99509805,0.99509805
27050,Medium Risk,1,0.8114508333333332,-0.10686557142857134,4,2,2,1,0.034374408859964255,48272.41765404615,200000,0.99498713,0.99498713
12923,Medium Risk,1,0.6960907407407407,0.00879015873015874,2,2,2,2,0.0348921838837692,1986.179792130276,90000,0.9947423,0.9947423
14915,High Risk,1,0.006666666666666667,2.4068937909942808e-20,0,2,0,6,0.0,0.0,30000,0.9945859,0.9945859
22392,Medium Risk,1,0.8759579999999999,-0.023790057142857098,4,2,2,1,0.037958971158762365,18264.548434056618,250000,0.9944924,0.9944924
11706,High Risk,0,0.0525,-6.097816738634188e-19,0,3,1,6,0.0,0.0,20000,0.9944857,0.9944857
24026,High Risk,1,0.0525,-6.097816738634188e-19,0,3,1,6,0.0,0.0,20000,0.9944857,0.9944857
3879,High Risk,1,0.0525,-6.097816738634188e-19,0,3,1,6,0.0,0.0,20000,0.9944857,0.9944857
18095,High Risk,1,0.0525,-6.097816738634188e-19,0,3,1,6,0.0,0.0,20000,0.9944857,0.9944857
11988,High Risk,1,0.0525,-6.097816738634188e-19,0,3,1,6,0.0,0.0,20000,0.9944857,0.9944857
24398,High Risk,1,0.0525,-6.097816738634188e-19,0,3,1,6,0.0,0.0,20000,0.9944857,0.9944857
27193,High Risk,1,0.01,-4.835902386200717e-20,0,3,1,6,0.0,0.0,250000,0.9944607,0.9944607
27537,High Risk,1,0.009948,9.276402934495964e-19,0,3,1,6,0.0,0.0,250000,0.9943422,0.9943422
4085,Medium Risk,0,0.6670944444444444,-0.1361742857142857,2,2,2,2,0.06748851218851899,7940.246404656889,30000,0.99391705,0.99391705
28221,High Risk,1,0.08,-3.8687219089605736e-19,0,7,5,6,0.0,0.0,30000,0.99374443,0.99374443
15948,High Risk,1,0.08,-3.8687219089605736e-19,0,7,5,6,0.0,0.0,30000,0.99374443,0.99374443
17875,High Risk,1,0.08,-3.8687219089605736e-19,0,7,5,6,0.0,0.0,30000,0.99374443,0.99374443
12282,Medium Risk,1,0.6793033333333334,-0.14712514285714287,4,2,2,1,0.03829107793469355,14911.925528471053,50000,0.99329126,0.99329126
14140,Medium Risk,1,0.035075,0.005327142857142858,3,2,3,1,0.9686773153986269,349.9107028943242,20000,0.9932767,0.9932767
15139,High Risk,1,0.07983333333333333,-1.987504928428081e-18,0,7,5,6,0.0,0.0,30000,0.9931738,0.9931738
14974,High Risk,1,0.07983333333333333,-1.987504928428081e-18,0,7,5,6,0.0,0.0,30000,0.9931738,0.9931738
1147,High Risk,1,0.03428571428571429,6.224624130228714e-19,0,7,5,6,0.0,0.0,70000,0.9931017,0.9931017
514,High Risk,1,0.6308633333333334,0.013611999999999989,0,2,0,6,0.046805857010030844,1292.1701771309638,50000,0.9930496,0.9930496
16480,Medium Risk,1,0.6149,0.027822857142857142,2,2,2,2,0.06541625257502709,1229.9419498496666,20000,0.99301744,0.99301744
23980,Medium Risk,1,0.7224666666666666,-0.1258114285714285,4,2,2,1,0.06080343587400183,7464.759036075221,20000,0.99289507,0.99289507
14862,High Risk,1,0.085,-4.44781134888591e-18,0,7,5,6,0.0,0.0,30000,0.9928362,0.9928362
863,High Risk,1,0.08166666666666667,-2.5439755012185737e-18,0,7,5,6,0.0,0.0,30000,0.9928362,0.9928362
18719,Medium Risk,1,0.6226571428571429,0.014527346938775514,2,2,2,2,0.035844813900177665,2151.5337784938447,70000,0.99278367,0.99278367
20524,High Risk,1,0.6269527777777778,0.012859523809523809,0,2,0,6,0.04499144666352617,1716.779824749425,60000,0.9927107,0.9927107
22760,High Risk,1,0.005760869565217391,1.6066570456032178e-19,0,3,1,6,0.012578616352201257,0.0,460000,0.9925494,0.9925494
10354,High Risk,1,0.5657333333333333,0.027831428571428563,2,2,2,3,0.09995307832037341,1273.6601849263666,20000,0.99251634,0.99251634
17775,High Risk,1,0.8543333333333334,-0.0003189610389610334,2,2,2,3,0.03084355971952009,1924.5729569612752,110000,0.99246395,0.99246395
28033,Medium Risk,0,0.7888933333333333,-0.140528,4,2,2,1,0.0643624287025491,15632.0895297675,50000,0.992392,0.992392
17248,High Risk,1,0.006944444444444445,9.012646855366004e-20,0,3,1,6,0.0,0.0,360000,0.9922897,0.9922897
28748,High Risk,0,0.047999999999999994,1.3018272523341199e-18,0,7,5,6,0.0,0.0,50000,0.9922787,0.9922787
2406,High Risk,1,0.047999999999999994,1.3018272523341199e-18,0,7,5,6,0.0,0.0,50000,0.9922787,0.9922787
10802,High Risk,1,0.047999999999999994,1.3018272523341199e-18,0,7,5,6,0.0,0.0,50000,0.9922787,0.9922787
7881,High Risk,1,0.047999999999999994,1.3018272523341199e-18,0,7,5,6,0.0,0.0,50000,0.9922787,0.9922787
29524,High Risk,1,0.047999999999999994,1.3018272523341199e-18,0,7,5,6,0.0,0.0,50000,0.9922787,0.9922787
12825,High Risk,1,0.047999999999999994,1.3018272523341199e-18,0,7,5,6,0.0,0.0,50000,0.9922787,0.9922787
15988,High Risk,1,0.6209433333333334,0.014572000000000028,0,2,0,6,0.04915699187089684,1377.5567380934503,50000,0.99221593,0.99221593
6112,Medium Risk,1,0.9726833333333333,0.001231904761904846,2,2,2,2,0.03851021924608624,1458.9152134377105,120000,0.9920027,0.9920027
29152,High Risk,1,0.065,5.534612334031986e-19,0,7,5,6,0.0,0.0,30000,0.99196506,0.99196506
3993,High Risk,1,0.9371833333333335,0.02190857142857146,0,3,1,6,0.047273889996881514,1191.0134620006052,20000,0.9919299,0.9919299
6927,High Risk,1,1.0614999999999999,0.014011428571428536,2,2,2,3,0.047446987512341866,2214.70684290269,60000,0.9919036,0.9919036
26720,Medium Risk,1,0.4980944444444444,0.02896095238095236,2,2,2,2,0.07702957958480976,1700.154747858755,30000,0.99176335,0.99176335
27619,Medium Risk,1,0.8008833333333333,0.025168571428571426,3,2,2,2,0.07193082862505125,1484.600642148139,20000,0.9917178,0.9917178
19557,High Risk,1,0.6193222222222222,0.03575619047619049,2,2,2,3,0.08153672004510076,2139.071917132911,30000,0.99169743,0.99169743
21274,High Risk,1,0.62045,0.012774285714285691,0,2,0,6,0.04273394868504668,1675.4852133038955,70000,0.9916767,0.9916767
12030,High Risk,1,0.8415533333333333,0.016480000000000033,2,2,2,3,0.039540842656678926,1792.4264745497003,50000,0.9916353,0.9916353
16503,High Risk,1,0.7897916666666666,0.03546142857142856,2,2,2,3,0.0758111397376854,1478.1035710215529,20000,0.99159425,0.99159425
13967,High Risk,1,0.06,-3.4386248784973042e-18,0,7,5,6,0.0,0.0,40000,0.99157554,0.99157554
13740,High Risk,1,0.06,-3.4386248784973042e-18,0,7,5,6,0.0,0.0,40000,0.99157554,0.99157554
28298,High Risk,1,0.8538444444444444,0.010045714285714288,0,3,1,6,0.03316387037880048,783.2186582728137,30000,0.9915524,0.9915524
18371,High Risk,1,0.559988888888889,0.027180952380952382,2,2,2,3,0.06811577571290403,1607.9265737796197,30000,0.9915454,0.9915454
15598,Medium Risk,1,0.5250500000000001,0.012725714285714266,2,2,2,2,0.07677213538926075,1365.8626578100743,20000,0.9914977,0.9914977
16488,Medium Risk,1,0.8357833333333332,-0.13961142857142855,4,2,2,1,0.06004743875910673,8208.143094919013,20000,0.99147767,0.99147767
671,High Risk,0,1.5298611111111111,-0.2781685714285716,1,2,3,4,0.2757268941882235,26415.39127415429,30000,0.9912356,0.9912356
12036,High Risk,0,0.0882,-5.724534480394083e-18,0,7,5,6,0.0,0.0,30000,0.99113,0.99113
21961,High Risk,1,0.04783333333333333,0.0001428571428571426,0,7,5,6,0.0035460992907801418,20.412414523193153,50000,0.9910863,0.9910863
15155,Medium Risk,1,0.5514166666666668,-0.17984285714285714,4,2,3,1,0.03458551581747433,12783.688994183174,30000,0.990983,0.990983
16512,High Risk,1,0.8564583333333334,0.022172857142857164,0,3,1,6,0.056160216743328516,867.5430632923456,20000,0.990908,0.990908
11662,High Risk,1,0.6142,0.024775238095238076,2,2,2,3,0.0611812780584993,1540.747091511128,30000,0.9908879,0.9908879
22806,High Risk,1,0.16644444444444445,0.011474285714285718,2,2,3,3,0.7381117928837813,1861.8558125340069,30000,0.99077356,0.99077356
14692,High Risk,1,0.6837,0.020808571428571437,0,2,0,6,0.0659784332518303,961.2776914086793,20000,0.9907018,0.9907018
3044,High Risk,1,0.6534880952380951,0.012443673469387793,2,2,2,3,0.041566576053738334,2119.998058175211,70000,0.9906775,0.9906775
6387,Medium Risk,1,0.6222166666666666,-0.00621542857142855,2,2,2,2,0.040104368273981,2939.837847002223,50000,0.99066144,0.99066144
14638,Medium Risk,1,0.8056333333333333,-0.1022,4,2,2,1,0.2150830443993742,2008.896280714031,10000,0.9906562,0.9906562
5714,High Risk,0,0.9457833333333334,-0.00034952380952384484,2,3,3,2,0.056680691566547564,1719.3909095956044,30000,0.9906218,0.9906218
26244,Medium Risk,1,0.6923083333333334,-0.18929857142857134,3,2,2,2,0.0487817729241875,26021.4115124449,60000,0.9905766,0.9905766
2991,Medium Risk,1,0.63769,0.015353714285714245,2,2,2,2,0.03848343331476038,1661.2049542425523,50000,0.9905081,0.9905081
26915,High Risk,1,0.2617466666666667,-0.01657104761904763,0,2,0,6,0.027437414148039085,5145.060504989227,150000,0.99045056,0.99045056
4099,Medium Risk,1,0.6777555555555557,-0.11193047619047615,4,2,2,1,0.048200402119296694,14419.601834539908,60000,0.99044025,0.99044025
13263,High Risk,1,0.7283749999999999,0.028648571428571436,2,2,2,3,0.0694848083503202,2412.240866911926,40000,0.99043673,0.99043673
28634,High Risk,1,0.6658638888888889,-0.06720714285714285,2,2,2,3,0.04021431306808416,7580.267077528777,60000,0.99043006,0.99043006
14653,High Risk,1,0.5179888888888889,0.01333523809523809,0,2,0,6,0.05010015152059877,853.5848327299792,30000,0.9903486,0.9903486
8655,High Risk,1,0.08,-3.8687219089605736e-19,0,8,6,6,0.0,0.0,30000,0.9902535,0.9902535
18111,High Risk,1,0.6319621212121213,0.012609090909090863,2,2,2,3,0.040203318140754014,2999.8368233400074,110000,0.99023634,0.99023634
13963,High Risk,1,0.8726722222222224,0.023399047619047656,2,2,2,3,0.0626186421156075,1557.3729696725402,30000,0.9902075,0.9902075
18215,Medium Risk,0,0.9027282051282052,-0.04537846153846153,4,2,2,1,0.03893568485207714,14494.330431815975,130000,0.9900665,0.9900665
16786,High Risk,1,0.7463861111111111,0.012460476190476223,2,2,2,3,0.043793349782172836,1767.0328142585995,60000,0.9900572,0.9900572
7216,High Risk,1,0.9317388888888889,0.02056476190476197,0,3,1,6,0.05531311905535971,1276.5806541956786,30000,0.9897556,0.9897556
6828,High Risk,1,0.7106222222222222,0.028329523809523794,0,3,1,6,0.052863761299579266,3442.539043593648,60000,0.98974305,0.98974305
674,High Risk,1,0.07666666666666667,-0.0028571428571428563,0,7,5,6,0.0,244.94897427831782,30000,0.9897221,0.9897221
21534,High Risk,1,0.9610166666666667,0.005555238095238091,2,2,2,3,0.06477773696768695,1391.8934944887126,30000,0.98972195,0.98972195
5350,Medium Risk,1,0.7867749999999999,-0.08742928571428568,2,2,2,2,0.024916171353398534,14020.153508432068,80000,0.9896998,0.9896998
29357,Medium Risk,1,0.48705,0.03256571428571428,2,2,2,2,0.07700023636380285,1327.3637029842273,20000,0.9896941,0.9896941
2435,High Risk,1,0.6715708333333333,-0.023379761904761903,0,3,1,6,0.022730192273326177,5659.084970204989,120000,0.9896896,0.9896896
9165,High Risk,1,0.9445611111111112,0.01866952380952383,2,2,2,3,0.052968215371862,1339.7424254932985,30000,0.98954844,0.98954844
9903,High Risk,1,0.007916666666666667,-0.0014999999999999992,0,4,2,6,0.6511111111111111,199.37402037376887,60000,0.9893974,0.9893974
17698,Medium Risk,1,0.8049694444444443,-0.07785571428571429,4,2,2,1,0.041628379711631525,9605.385206573794,60000,0.9892832,0.9892832
7803,High Risk,1,0.64963,0.013314857142857135,0,2,0,6,0.045324078055680644,1253.1906080082151,50000,0.9892754,0.9892754
19862,Medium Risk,1,0.9930366666666667,-0.005642857142857094,2,2,2,2,0.03376538086733358,1459.081274866711,50000,0.98923546,0.98923546
5261,Medium Risk,1,0.9478333333333334,0.01778571428571429,2,2,2,2,0.03303729576187734,1511.6579860096222,40000,0.9891348,0.9891348
2252,High Risk,0,0.09623666666666668,0.010789142857142857,2,2,2,3,0.2710240220085085,1183.3468496880646,50000,0.98903507,0.98903507
5683,Medium Risk,1,0.6647166666666667,-0.07166190476190469,4,2,2,1,0.047187217474011244,4068.1662085023027,30000,0.988991,0.988991
16248,High Risk,1,0.6685499999999999,0.024071428571428577,2,2,2,3,0.05853123806712058,2335.479800811816,50000,0.98894835,0.98894835
21812,High Risk,1,0.9829333333333333,0.027108571428571475,0,3,1,6,0.050417159722112366,1166.147103356462,20000,0.9889337,0.9889337
5737,Medium Risk,1,0.6038074074074073,-0.03811047619047622,4,2,2,1,0.041153512572843984,7519.474946209121,90000,0.98892784,0.98892784
5925,High Risk,1,1.1365426470588236,-0.23724193277310926,3,4,5,3,0.20282245717638633,157445.33457775114,340000,0.9888868,0.9888868
23,High Risk,1,0.6320833333333334,0.01509836734693876,2,2,2,3,0.04243729702052309,2194.01890754539,70000,0.9888371,0.9888371
24712,Medium Risk,0,0.5996305555555556,-0.0204284126984127,4,2,2,1,0.049334739603254296,8235.499080201515,180000,0.9887905,0.9887905
22507,High Risk,1,0.7477777777777778,0.016070476190476166,0,2,0,6,0.044800140205958155,1820.5738289524722,60000,0.98877865,0.98877865
18013,High Risk,1,0.5673409090909092,0.02146987012987016,2,3,3,3,0.06017611642627024,5141.610049391144,110000,0.9887672,0.9887672
25549,High Risk,1,0.6401,0.02191428571428571,0,2,0,6,0.054351985873245634,1375.4599230802764,30000,0.98873305,0.98873305
3486,High Risk,1,0.8639433333333333,-0.012823428571428609,2,2,2,3,0.05646108030617336,3261.7369248096434,50000,0.9886827,0.9886827
23778,High Risk,1,0.31574285714285716,0.013255510204081625,0,2,0,6,0.06982456062950916,1875.1755117854968,70000,0.9886812,0.9886812
25751,Medium Risk,1,0.1037611111111111,-0.006282857142857134,4,2,2,1,0.6715957758484099,1030.5057819666354,30000,0.9886313,0.9886313
907,High Risk,1,0.05586333333333334,-0.01408057142857143,1,2,3,3,0.9827565148697549,1930.6562010535865,50000,0.9886268,0.9886268
7003,High Risk,0,0.6297125,0.008175000000000016,0,2,0,6,0.04017758564732022,1351.3162472197248,80000,0.9885592,0.9885592
16789,High Risk,1,0.0793,9.645486223184961e-18,0,7,5,6,0.0,0.0,30000,0.98852855,0.98852855
16470,High Risk,1,0.6396944444444445,0.014749523809523796,0,2,0,6,0.05895348726885614,941.6889967853859,30000,0.9883874,0.9883874
11246,High Risk,1,0.5502660000000001,0.009386171428571432,2,2,2,3,0.03589748190548981,10315.68770368704,500000,0.9883853,0.9883853
24330,High Risk,1,0.7741555555555556,0.029758095238095285,2,2,2,3,0.056062454284793284,1756.639253423043,30000,0.9883712,0.9883712
21213,High Risk,0,0.8707666666666666,0.03427428571428567,2,2,2,3,0.07228368926301666,1405.8914135404152,20000,0.98835516,0.98835516
15087,High Risk,1,0.5761948717948718,0.013028791208791234,2,2,2,3,0.048725737166299486,7520.674428976877,260000,0.9883471,0.9883471
29139,High Risk,1,0.6465000000000001,0.013232653061224488,0,2,0,6,0.04283659595204927,1735.2195250169357,70000,0.9883455,0.9883455
24449,Medium Risk,1,0.8871875,-0.012143392857142834,4,2,2,1,0.036838151931389666,11651.51090631597,320000,0.98833174,0.98833174
17478,Medium Risk,1,0.2739666666666667,0.018617142857142853,2,2,2,2,0.07962616682426044,2235.888100956754,60000,0.9882946,0.9882946
5884,Medium Risk,1,0.7993583333333333,-0.058624285714285726,4,2,2,1,0.06459183724006157,3587.0767717832114,20000,0.98828787,0.98828787
11344,Medium Risk,1,0.6705533333333333,-0.051196571428571536,4,2,2,1,0.049309185561963974,5324.810669560625,50000,0.9882748,0.9882748
17586,High Risk,1,0.7887666666666667,0.016714285714285744,0,3,1,6,0.053580127296443576,781.7131613748527,20000,0.9882613,0.9882613
26644,High Risk,1,0.5461583333333333,0.03772714285714287,2,2,2,3,0.10639358649986984,1686.4128102770885,20000,0.98816574,0.98816574
14547,Medium Risk,1,0.9510369047619047,0.018896938775510196,2,2,2,2,0.03326251752413576,5898.5659754440885,140000,0.9881654,0.9881654
16544,High Risk,1,0.5109333333333334,0.05147142857142859,2,3,3,2,0.11318421259077865,2237.652847665756,20000,0.98808426,0.98808426
7409,High Risk,1,0.949961111111111,0.027867619047619006,0,3,1,6,0.04900818981434488,1669.98436120422,30000,0.98796576,0.98796576
1880,High Risk,1,0.5782611111111111,0.01306952380952382,0,2,0,6,0.04720039926409781,765.7141546730521,30000,0.9879331,0.9879331
8636,Medium Risk,1,0.6650166666666667,0.07039714285714281,2,2,2,2,0.127324303153271,2733.597458783328,20000,0.98792285,0.98792285
20914,High Risk,1,0.533525,0.035058571428571474,2,2,2,3,0.10452092037192383,1413.9432449713108,20000,0.9878978,0.9878978
26765,High Risk,1,0.6563842105263158,0.018187368421052622,2,2,2,3,0.053604147959903835,7110.619691700576,190000,0.98789704,0.98789704
17414,High Risk,1,0.5606888888888889,0.017798095238095283,0,2,0,6,0.06376876032182198,1053.4679238907402,30000,0.987698,0.987698
2393,High Risk,1,0.8308,0.01927542857142856,0,3,1,6,0.040135419492992847,1918.775338594907,50000,0.9876303,0.9876303
9583,Medium Risk,1,0.5830888888888889,0.026447619047619036,2,2,2,2,0.05145244171303734,1574.3906334409726,30000,0.98756033,0.98756033
16452,High Risk,1,0.5416888888888889,0.0144704761904762,0,2,0,6,0.05403139559505523,921.743926840132,30000,0.9875572,0.9875572
21848,High Risk,1,0.5861500000000001,0.023653142857142845,2,2,2,3,0.056373335890274746,2358.0022688708336,50000,0.98755556,0.98755556
16635,High Risk,1,0.29545,-0.021467619047619048,2,2,2,3,0.08308731618305186,1280.5314131250354,30000,0.9874737,0.9874737
10315,Medium Risk,1,0.78035,0.021858095238095163,3,2,2,2,0.04803592439418742,1357.5263901670567,30000,0.9874659,0.9874659
6362,Medium Risk,1,0.6659333333333334,-0.03607257142857135,4,2,2,1,0.03502464444155252,7315.316634751134,100000,0.9874192,0.9874192
24320,Medium Risk,1,0.8430999999999998,0.057560000000000035,4,2,2,1,0.08841595876484004,1118.957550580003,10000,0.9874154,0.9874154
28959,Medium Risk,1,0.8635222222222224,0.005056000000000017,3,2,2,2,0.03449457193260976,8597.824531046599,150000,0.9873372,0.9873372
4570,High Risk,1,0.5844722222222222,0.018364761904761932,0,2,0,6,0.07800269178729421,1261.2272462433828,30000,0.987316,0.987316
2855,High Risk,1,0.34776333333333337,0.012879428571428576,0,2,0,6,0.05734025088032468,1272.0813522203157,50000,0.98730785,0.98730785
15537,High Risk,1,0.65965,0.017642857142857175,0,2,0,6,0.04710879058860731,1829.8623718739068,50000,0.9872716,0.9872716
21247,High Risk,1,0.281825,0.009964857142857135,0,2,0,6,0.061629223190269124,2036.8727746229022,100000,0.9872564,0.9872564
13690,Medium Risk,1,0.8173712121212121,-0.05480649350649351,4,2,2,1,0.04571904998282437,12290.760487726813,110000,0.9872251,0.9872251
28605,Medium Risk,1,0.4947833333333333,0.01400857142857142,4,2,3,1,0.20376756736015478,1597.266007902253,30000,0.9871956,0.9871956
27858,High Risk,1,0.6890666666666666,0.02776571428571425,0,3,1,6,0.06537142110055365,1243.2992667361573,20000,0.98717636,0.98717636
14543,High Risk,1,0.6126666666666667,0.021604571428571445,2,2,2,3,0.05488157389834724,2100.505431239507,50000,0.98716056,0.98716056
22417,High Risk,0,0.8502230769230769,0.007844395604395637,2,2,2,3,0.03649995955955239,2867.4975850033425,130000,0.98711187,0.98711187
16092,Medium Risk,1,0.7964083333333333,-0.08618257142857143,3,2,2,2,0.026497920860204294,17859.646596914135,100000,0.9871033,0.9871033
7993,High Risk,1,0.6748833333333333,0.008621142857142853,0,3,1,6,0.04913549373720377,1166.127508751366,50000,0.98708665,0.98708665
6417,Medium Risk,1,0.9814818181818182,0.002771428571428599,2,2,2,2,0.032642162265664486,2651.7904140410496,110000,0.98706645,0.98706645
16126,Medium Risk,1,0.6032444444444445,0.021643809523809506,3,2,2,2,0.05769130884527988,1327.8463264499649,30000,0.9870003,0.9870003
17941,High Risk,1,0.6483595238095238,0.01231551020408164,0,2,0,6,0.04260738981586209,1769.9515718421978,70000,0.9869871,0.9869871
7369,High Risk,1,0.5467888888888889,0.01225142857142859,0,2,0,6,0.05551209599354894,717.0828868873294,30000,0.9869551,0.9869551
12132,Medium Risk,1,0.8296214285714285,-0.08780285714285717,4,2,2,1,0.03101024145610615,12307.860297387195,70000,0.98695207,0.98695207
7308,High Risk,1,0.8651722222222222,0.017658095238095185,2,2,2,3,0.04912199839695224,1134.7823433005408,30000,0.98690283,0.98690283
9672,High Risk,0,0.014117647058823528,-1.1691863791679705e-20,0,7,5,6,0.0,0.0,170000,0.9868912,0.9868912
10043,Medium Risk,1,0.45493333333333336,0.023005714285714286,3,2,2,2,0.06974495957299007,1358.1061814158713,30000,0.98688424,0.98688424
7311,High Risk,1,0.936785185185185,0.002111111111111123,0,3,1,6,0.03173872716839196,1734.859264224815,90000,0.9867942,0.9867942
6175,Medium Risk,1,0.9934333333333334,-0.00673610389610392,2,2,2,2,0.04375612775783133,3586.40871439197,110000,0.9867443,0.9867443
6885,High Risk,1,0.8734378787878788,0.002512467532467516,2,2,2,3,0.035292193910448494,2220.8979640376697,110000,0.9866627,0.9866627
24760,Medium Risk,1,0.8831022727272727,0.014958051948051979,2,2,2,2,0.03938764300505201,7361.908441430116,220000,0.98666257,0.98666257
5875,Medium Risk,1,0.9523333333333333,-0.017017142857142915,2,2,2,2,0.03171307854829766,4417.32628030426,100000,0.9866584,0.9866584
20813,Medium Risk,1,0.61985,0.03391714285714288,3,2,2,2,0.07982015374048133,1448.819519470938,20000,0.9866549,0.9866549
232,Medium Risk,1,0.7888000000000001,-0.08809999999999994,3,2,2,2,0.19890080029027365,3511.663024835954,20000,0.98663914,0.98663914
4753,Medium Risk,1,0.6378083333333333,0.08207285714285713,2,2,2,2,0.14593717983492824,3329.056888469566,20000,0.9865596,0.9865596
21450,High Risk,1,0.6579285714285714,0.013462040816326529,0,2,0,6,0.042796867545738214,1765.9744052505405,70000,0.9865392,0.9865392
17925,High Risk,1,0.6744208333333334,0.019872142857142883,0,2,0,6,0.061154119537869166,1697.6785816716506,40000,0.98653513,0.98653513
25033,High Risk,1,0.3299404761904762,0.01232204081632653,0,2,0,6,0.0655534322314142,1794.4209558146235,70000,0.98645693,0.98645693
25634,High Risk,1,0.6521428571428571,0.016075102040816316,0,2,0,6,0.04407333022142585,2272.788067550514,70000,0.98644596,0.98644596
17236,High Risk,1,0.5971375,0.010775000000000002,0,2,0,6,0.051615408099713676,956.9181260693101,40000,0.9863992,0.9863992
27737,Medium Risk,1,0.8077,0.04087999999999997,4,2,2,1,0.0796347944724418,1607.432238074128,20000,0.9863723,0.9863723
23343,Medium Risk,1,0.740262962962963,-0.0747631746031746,3,2,2,2,0.028798390300373813,15787.709417982922,90000,0.98635024,0.98635024
19989,High Risk,1,0.7465633333333334,0.020082857142857187,2,2,2,3,0.054479879813399947,2093.993927084476,50000,0.9863376,0.9863376
17526,High Risk,1,0.24415151515151515,0.011589090909090907,0,2,0,6,0.06450924602179554,2577.801595675405,110000,0.9862684,0.9862684
22479,High Risk,1,0.5241033333333333,0.018958285714285705,2,2,2,3,0.05820291888365813,1976.3509219434354,50000,0.98626024,0.98626024
934,High Risk,1,0.3617333333333333,0.033015238095238104,2,2,2,3,0.13026117861431952,2002.2914872715212,30000,0.98623776,0.98623776
17214,Medium Risk,1,0.2722733333333333,-0.020687999999999974,2,2,2,2,0.10548470761760342,7518.982502085417,50000,0.98623717,0.98623717
16026,High Risk,1,0.09680555555555555,-0.0635209523809524,2,3,5,3,0.0,4335.343419691993,30000,0.98617876,0.98617876
10664,High Risk,1,0.8462166666666667,0.0276588571428571,2,2,2,3,0.0593132929097952,2898.6746224208514,50000,0.98616576,0.98616576
22901,High Risk,1,0.6558166666666666,0.014408571428571427,0,2,0,6,0.05552254764530496,1004.4827026883041,30000,0.9860837,0.9860837
6556,Medium Risk,0,0.8420555555555556,0.022641904761904745,3,2,2,2,0.06716814633710362,1347.3457858570184,30000,0.9860771,0.9860771
21834,Medium Risk,1,0.8716966666666667,-0.007579428571428527,4,2,2,1,0.03855483092199486,8172.508027935285,100000,0.9860714,0.9860714
24156,High Risk,1,0.012499999999999999,-3.098212334937405e-19,0,4,2,6,0.0,0.0,200000,0.9860598,0.9860598
8125,High Risk,1,0.012499999999999999,-3.098212334937405e-19,0,4,2,6,0.0,0.0,200000,0.9860598,0.9860598
5076,Medium Risk,1,0.49616,0.03212800000000001,2,2,2,2,0.07359798982884573,3196.016770919702,50000,0.9860563,0.9860563
17141,High Risk,1,0.71528,0.015690285714285716,0,2,0,6,0.04589758030537702,1479.142319048441,50000,0.9860253,0.9860253
18619,Medium Risk,1,0.8428722222222222,-0.014934285714285678,4,2,2,1,0.08495263324605924,5517.607793842062,30000,0.9859583,0.9859583
20282,High Risk,1,0.7837722222222222,0.017719047619047593,0,3,1,6,0.05450909016350334,1109.4552567213634,30000,0.9857744,0.9857744
4839,High Risk,1,0.3220166666666667,0.011799428571428579,0,2,0,6,0.05380819138391044,1243.7654789656556,50000,0.985729,0.985729
20803,High Risk,1,0.62174,-0.08535371428571431,2,2,2,3,0.04456478761013621,16006.12817642043,100000,0.98571765,0.98571765
16375,High Risk,1,0.250825,0.005642857142857144,0,2,0,6,0.059958438982954304,990.7181233832356,80000,0.9857113,0.9857113
25197,High Risk,1,0.46854444444444443,0.021438095238095263,0,2,0,6,0.07221296002140826,1322.3708506567536,30000,0.9856807,0.9856807
9833,High Risk,1,0.21129333333333333,0.012098285714285735,0,2,0,6,0.09190412489049284,2520.273133346199,100000,0.9856655,0.9856655
10702,High Risk,1,0.5814933333333333,0.016374857142857146,0,2,0,6,0.0560439097463446,1646.6259644092422,50000,0.9855767,0.9855767
16478,High Risk,1,0.6311874999999999,0.01023071428571432,0,2,0,6,0.0417961210713488,1741.0883952286856,80000,0.98554105,0.98554105
11267,High Risk,1,0.26107857142857144,0.007018367346938784,0,2,0,6,0.06463844561749756,932.6535798462363,70000,0.98544645,0.98544645
2542,High Risk,1,0.5232,0.017016,2,2,2,3,0.054408076008518984,3299.26197807934,100000,0.9854199,0.9854199
7735,High Risk,1,0.6918166666666666,0.021174285714285705,0,2,0,6,0.05432311023324828,1265.7656576159743,30000,0.985414,0.985414
2685,Medium Risk,1,0.7301583333333332,0.029236666666666678,4,2,2,1,0.054059700323446924,3499.885869567749,60000,0.98538554,0.98538554
28598,High Risk,1,0.7577277777777777,0.011360000000000044,0,3,1,6,0.051693873313849996,1352.473536401606,60000,0.9853698,0.9853698
8930,High Risk,1,0.8099,0.042262857142857185,0,3,1,6,0.11934169552854278,1153.3426203865008,10000,0.9853463,0.9853463
25161,High Risk,1,0.5337770833333334,0.009348928571428551,0,2,0,6,0.04352611382849319,1699.8728677953145,80000,0.98534364,0.98534364
11035,Medium Risk,1,0.24367777777777777,0.02590095238095238,2,2,2,2,0.12233773309465103,1554.9613071284657,30000,0.98534113,0.98534113
12656,Medium Risk,1,0.25006904761904764,0.002658367346938762,3,2,2,2,0.22388631608130335,2809.379391728121,350000,0.9852245,0.9852245
29727,High Risk,1,0.03833333333333334,-0.0014285714285714281,0,7,5,6,0.0,244.94897427831782,60000,0.9852181,0.9852181
29867,Medium Risk,1,0.6597902298850574,-0.09163655172413791,3,2,2,2,0.03433027133762699,52626.592739475986,290000,0.9851591,0.9851591
10338,High Risk,1,0.9388416666666667,0.019258571428571486,0,3,1,6,0.04397693214385121,852.4563136411547,20000,0.9850582,0.9850582
16236,High Risk,1,0.7584,0.009142857142857128,0,3,1,6,0.04024921683201271,1537.5048617809312,70000,0.9850323,0.9850323
7769,Medium Risk,1,0.7590285714285714,0.03351999999999997,2,2,2,2,0.05530529802306805,4524.841433685826,70000,0.9850242,0.9850242
16224,High Risk,1,0.6250366666666667,0.021634857142857167,2,2,2,3,0.05024539539752832,2138.57881937203,50000,0.98493654,0.98493654
15201,Medium Risk,1,0.8385555555555556,0.002105396825396827,4,2,2,1,0.04648539908120483,1013.1850768739145,90000,0.984928,0.984928
11830,High Risk,1,0.5435,0.017537142857142852,0,3,1,6,0.04987471789658249,1163.8448350188266,30000,0.9848637,0.9848637
9273,High Risk,1,0.4667299999999999,0.008973714285714272,0,2,0,6,0.041451997533124584,1685.0864666241907,100000,0.98481226,0.98481226
27665,High Risk,1,0.32756250000000003,0.013685000000000001,0,2,0,6,0.06578349248404158,2269.6904634773437,80000,0.9847596,0.9847596
26850,Medium Risk,1,0.41884999999999994,0.041740000000000006,3,2,2,2,0.11497437302038731,1616.430635690873,20000,0.9847499,0.9847499
7926,High Risk,1,0.6902533333333333,0.012189714285714236,0,2,0,6,0.043650577716173235,1301.6754843918152,50000,0.9847305,0.9847305
28373,High Risk,1,0.35003500000000004,0.008860285714285702,0,2,0,6,0.05700652219154522,1893.6993161534383,100000,0.98471904,0.98471904
848,Medium Risk,1,0.7996166666666668,-0.09698800000000002,4,2,2,1,0.04557079503836874,10475.810983721818,50000,0.9846677,0.9846677
9152,High Risk,1,0.002771212121212121,0.0007542857142857141,3,3,4,1,3.3866415613864596,1006.8725175843597,440000,0.98465234,0.98465234
28663,High Risk,1,0.8545466666666667,0.013797714285714266,0,2,0,6,0.037956468839309324,1519.2608290437383,50000,0.98461044,0.98461044
29452,Medium Risk,1,0.7571,0.08182285714285717,2,2,2,2,0.1146132088417343,1603.287372868632,10000,0.9845781,0.9845781
7663,High Risk,1,0.5240630952380952,0.008912040816326542,0,2,0,6,0.033795882125562206,2477.2598100858672,140000,0.98452294,0.98452294
20757,High Risk,1,0.783325,0.026315714285714255,0,3,1,6,0.053737727617046864,2290.2960507323064,40000,0.9845108,0.9845108
24751,Medium Risk,1,0.6851833333333334,-0.03034228571428575,3,2,2,2,0.051947351543765084,3217.4431722513245,50000,0.984462,0.984462
5349,High Risk,1,0.7496886363636364,-0.11068948051948055,2,2,2,3,0.0470499951939363,54392.45068481471,220000,0.9844387,0.9844387
7417,Medium Risk,0,0.676209090909091,-0.13839220779220787,4,2,2,1,0.04456646253137884,30809.83221635587,110000,0.9843322,0.9843322
13784,High Risk,1,0.8115666666666668,-0.00970857142857146,0,5,3,6,0.020111071107423814,288.80627878677893,10000,0.98429996,0.98429996
25011,Medium Risk,0,0.5536800000000001,-0.11610742857142851,4,2,2,1,0.041754079915716565,13926.33103153878,50000,0.98423934,0.98423934
29202,High Risk,1,0.9012833333333333,0.02616571428571428,2,2,2,3,0.05844523465246487,1067.0275847730773,20000,0.98423713,0.98423713
10116,High Risk,1,0.5661166666666667,0.04352285714285716,0,2,1,6,0.11877977910003334,889.1968098608241,10000,0.98416716,0.98416716
27083,High Risk,1,0.6876145833333335,0.020926785714285738,0,2,0,6,0.04306778734176118,3265.5938153215975,80000,0.98414296,0.98414296
21318,High Risk,1,0.6603977777777778,0.003734095238095239,0,3,1,6,0.031055272020214575,1528.5616332574446,150000,0.9841145,0.9841145
10547,High Risk,1,0.9245055555555557,0.020983809523809488,0,3,1,6,0.04082336854636739,1335.494877064928,30000,0.98409677,0.98409677
14615,High Risk,1,0.014200000000000003,-7.535241265905819e-19,0,6,4,6,0.0,0.0,10000,0.9840434,0.9840434
9788,High Risk,1,0.5862846153846154,0.012098901098901126,2,2,2,3,0.03664173743151631,3314.6443549798823,130000,0.9840373,0.9840373
19105,Medium Risk,1,0.4812055555555556,0.034075238095238096,3,2,2,2,0.11511478369819321,2045.8407969992845,30000,0.9840348,0.9840348
24057,High Risk,1,0.8056416666666667,0.010269999999999994,2,4,4,3,0.04883610738558167,703.1774787823247,20000,0.9838986,0.9838986
27158,High Risk,1,0.14659259259259258,0.005323809523809533,0,2,0,6,0.06482172726063161,979.1575290353778,90000,0.98388946,0.98388946
19802,Medium Risk,1,0.16091666666666668,0.009660000000000007,3,2,3,2,2.0314780346476753,719.8503779721634,10000,0.98381686,0.98381686
20671,Medium Risk,1,0.5800071428571429,0.021205306122449002,2,2,2,2,0.050224949421347816,3048.0483427924823,70000,0.9838165,0.9838165
22081,High Risk,1,0.2531183333333334,0.014473428571428583,2,2,2,3,0.07770000606528925,2948.310459681386,100000,0.98380685,0.98380685
14892,High Risk,1,0.048999999999999995,-0.0017142857142857103,0,7,5,6,0.0,244.94897427831782,50000,0.9837683,0.9837683
18519,High Risk,1,0.6949958333333334,0.013209285714285734,0,2,0,6,0.04219017603627271,1187.6547337785787,40000,0.98373485,0.98373485
8798,High Risk,1,0.6600952380952382,0.012041632653061246,0,2,0,6,0.04168496138658299,1765.183918651727,70000,0.98366207,0.98366207
21034,High Risk,1,0.9330166666666666,0.02735428571428574,0,3,1,6,0.05753690001098503,1222.2642376616714,20000,0.9835175,0.9835175
8140,High Risk,1,1.0170433333333333,-0.0101502857142857,2,2,2,3,0.043886532948353645,1295.4388316962968,50000,0.9834991,0.9834991
18193,High Risk,1,0.5315071428571428,0.014998775510204095,0,2,0,6,0.05539343254296653,2164.9080119025843,70000,0.9834698,0.9834698
2779,Medium Risk,1,0.8240660256410256,-0.040717692307692344,4,2,2,1,0.04416955615930689,27666.22064841287,260000,0.9834446,0.9834446
21428,Medium Risk,1,0.43598939393939395,-0.05168909090909092,4,2,2,1,0.06442788840904866,18444.851459598874,110000,0.98344177,0.98344177
15843,High Risk,1,0.8504942028985507,0.018141118012422373,2,2,2,3,0.04719398408919561,8945.557817524106,230000,0.9833776,0.9833776
17156,High Risk,1,0.35064999999999996,0.023545714285714284,0,3,1,6,0.0877107305191761,1461.2716037752873,30000,0.9833467,0.9833467
23688,High Risk,1,0.5864900000000001,0.013494285714285735,0,2,0,6,0.04291092367065025,1322.6609164861566,50000,0.98334277,0.98334277
4584,High Risk,1,0.5396636363636363,0.009173506493506482,0,2,0,6,0.0343320020442335,1895.1524476938523,110000,0.98332834,0.98332834
15779,High Risk,1,0.6524416666666667,0.010667142857142925,0,3,1,6,0.051711715927708755,555.570127586668,20000,0.98332685,0.98332685
9947,High Risk,1,0.8388,0.017327619047619026,2,2,2,3,0.04540216919655269,1215.494138200592,30000,0.98326945,0.98326945
27468,High Risk,1,0.901150606060606,-0.016323688311688216,2,2,2,3,0.04243935597200745,28404.46653198519,550000,0.98326206,0.98326206
4680,Medium Risk,1,0.5985454545454546,-0.0974,4,2,2,1,0.04209826582527726,22898.597433030696,110000,0.98322946,0.98322946
28891,Medium Risk,0,0.5127133333333332,-0.0008114285714285324,3,2,3,2,0.21869344233767807,571.2661959775554,50000,0.98315465,0.98315465
17359,High Risk,1,0.24181111111111112,0.006354285714285721,0,3,1,6,0.049566863871434386,1748.1700908855141,120000,0.9830957,0.9830957
17713,High Risk,1,0.20270555555555556,0.011931746031746033,0,2,0,6,0.08062350216399496,2104.3910045426446,90000,0.9830905,0.9830905
15186,High Risk,0,0.2506,-0.005660952380952367,0,2,0,6,0.31650400456797845,1847.3023574932176,30000,0.9830867,0.9830867
17911,Medium Risk,1,0.46243000000000006,-0.07399999999999995,4,2,2,1,0.05054935872826626,15918.998787612241,100000,0.9830679,0.9830679
15513,High Risk,1,0.6900722222222222,0.016016190476190458,0,2,0,6,0.0555391216514294,1012.8671021741533,30000,0.9829695,0.9829695
16340,High Risk,1,0.5665444444444445,0.016899047619047633,0,2,0,6,0.06305205956407821,1193.7960741544875,30000,0.9829691,0.9829691
9452,High Risk,1,0.3283966666666666,0.008594857142857147,0,2,0,6,0.046228909832767194,926.3058710094991,50000,0.98290527,0.98290527
14582,High Risk,1,0.1628128205128205,0.005862417582417584,0,2,0,6,0.058545541716921994,1606.5810488944112,130000,0.9828872,0.9828872
1030,Medium Risk,1,0.9645944444444444,-0.01197619047619045,2,2,2,2,0.04278714739754343,1383.8137760069692,30000,0.9828757,0.9828757
13779,High Risk,1,0.8523555555555555,0.017580952380952374,0,2,0,6,0.047849637166278554,1001.7819456681513,30000,0.9828555,0.9828555
29748,High Risk,1,1.0048388888888888,-0.0048288888888889,2,2,2,3,0.041388605635296435,1614.6686037698262,90000,0.9828362,0.9828362
8047,High Risk,0,0.9152611111111111,0.01713238095238092,0,3,1,6,0.03250369685853308,1274.7750259032637,30000,0.98282754,0.98282754
14279,Medium Risk,1,0.5154233333333332,0.0064645714285713985,4,2,3,1,0.21866814957393776,819.3957326387945,50000,0.9828114,0.9828114
6962,Medium Risk,0,0.9492571428571429,0.019532244897959267,2,2,2,2,0.033726607628394696,2931.1148049846156,70000,0.98281,0.98281
7056,High Risk,1,0.8069666666666667,-0.04998095238095237,3,3,3,2,0.036686613995826865,3751.4629679632985,30000,0.98279285,0.98279285
12192,High Risk,1,0.042,-3.212339941937148e-18,0,4,2,6,0.30952380952380953,0.0,10000,0.9827634,0.9827634
7744,High Risk,1,0.990825,0.02186428571428571,0,3,1,6,0.044193276490101206,839.0324785131979,20000,0.98274565,0.98274565
9063,High Risk,1,0.6672452380952381,0.017788979591836715,0,2,0,6,0.043092129534668906,2460.3605765551247,70000,0.98272943,0.98272943
15785,Medium Risk,1,0.9338566666666667,-0.01825314285714296,2,2,2,2,0.03454323271359962,2054.726397033597,50000,0.9827229,0.9827229
20904,High Risk,1,0.012499999999999999,-3.098212334937405e-19,0,7,5,6,0.0,0.0,20000,0.98271734,0.98271734
14650,High Risk,1,0.8513383333333335,0.020289428571428594,0,2,0,6,0.04657844932066144,7948.019644330698,200000,0.98271424,0.98271424
7536,High Risk,1,0.5214348484848484,0.010315584415584417,0,2,0,6,0.05164422925132244,2411.6016600314956,110000,0.9826346,0.9826346
7505,High Risk,1,0.24178888888888886,0.004981904761904746,0,2,0,6,0.04632181633521254,1128.7431358226136,120000,0.9824979,0.9824979
10103,High Risk,1,0.22075,0.012349523809523815,2,2,2,3,0.11898148109638962,991.4857033765036,30000,0.9824744,0.9824744
27763,Medium Risk,0,0.5818833333333334,0.022277142857142898,4,2,3,1,0.45113661753016526,1458.4109731713716,10000,0.98244053,0.98244053
9099,High Risk,1,0.3445487179487179,0.007572747252747266,0,2,0,6,0.04573744932550589,1879.2064992082871,130000,0.9824149,0.9824149
13021,High Risk,1,0.9343166666666667,0.023659999999999955,0,3,1,6,0.03898536802136708,1096.4841388121702,20000,0.9823752,0.9823752
23950,High Risk,1,0.7401333333333334,0.017628571428571414,2,3,3,3,0.040207084497752545,992.0759379536764,20000,0.98229665,0.98229665
17252,Medium Risk,1,0.773875,-0.04591285714285711,3,2,2,2,0.06782553643787044,4793.600515270333,20000,0.9822254,0.9822254
8049,High Risk,1,0.5730928571428572,0.024899183673469404,0,3,1,6,0.0683229122110598,3432.427289834411,70000,0.98220223,0.98220223
12781,Medium Risk,1,0.9542972222222222,0.0901557142857142,2,2,2,2,0.11742180375109801,12419.825367800737,60000,0.98217565,0.98217565
6918,High Risk,1,0.9304444444444444,0.00850057142857146,2,2,2,3,0.032876174603381936,5759.58695278287,300000,0.9821738,0.9821738
21531,High Risk,1,0.7826166666666666,-0.12555333333333332,0,3,1,6,0.028624474636672014,15131.207843394393,60000,0.9821414,0.9821414
19131,High Risk,1,0.20775,0.012268253968253966,0,2,0,6,0.07715758249332458,2238.5531711353206,90000,0.9821098,0.9821098
19552,Medium Risk,0,0.22339444444444445,-0.1344961904761905,3,2,3,2,0.01817991412713373,8747.892327107524,30000,0.9820895,0.9820895
9228,High Risk,1,0.6040583333333334,0.002401428571428561,2,4,4,3,0.02883395809344712,509.9087826922249,20000,0.9820433,0.9820433
13576,High Risk,1,0.23469583333333333,0.018092142857142862,0,2,0,6,0.19179147760027426,1849.745865427645,40000,0.98204124,0.98204124
13479,High Risk,1,0.5568222222222222,0.016194285714285713,0,2,0,6,0.061886636652001066,1023.7963990299373,30000,0.98202986,0.98202986
8179,High Risk,1,0.83562,0.016305142857142896,0,2,0,6,0.0423736945479035,1533.611945702041,50000,0.9820294,0.9820294
6630,High Risk,1,0.6928666666666666,0.01178095238095242,0,2,0,6,0.052687322180363504,817.6319465382942,30000,0.9819886,0.9819886
27840,Medium Risk,1,0.821605,-0.06764771428571426,4,2,2,1,0.045763319290581674,13848.22112402889,100000,0.9819608,0.9819608
2580,Medium Risk,1,0.9899166666666668,0.042262857142857185,2,2,2,2,0.06012463534927684,1788.2694055054083,20000,0.981952,0.981952
19242,Medium Risk,1,0.4033555555555555,0.026413333333333344,4,2,2,1,0.09233458055858805,1550.6235734912152,30000,0.9819473,0.9819473
8270,High Risk,1,0.007016666666666667,0.0003485714285714283,0,2,0,6,0.6470077115238406,222.91164168791184,120000,0.9819463,0.9819463
3513,High Risk,1,0.7514,0.013164761904761915,0,2,0,6,0.04195488239503067,1791.2008262615334,60000,0.9819047,0.9819047
5393,Medium Risk,1,0.2584314814814815,0.017156507936507942,3,2,2,2,0.07925659895599467,2996.3553471954338,90000,0.9819026,0.9819026
29825,High Risk,1,0.30969583333333334,0.017275000000000026,0,2,0,6,0.08555147874312918,1389.3914375245972,40000,0.98188925,0.98188925
5049,High Risk,1,0.9832604166666666,0.011047500000000012,2,2,2,3,0.051257806933808624,3489.9898805965995,80000,0.98172164,0.98172164
17474,Medium Risk,1,0.34345,0.04399142857142853,3,2,3,2,3.276204809267661,1802.2164964287724,10000,0.98162454,0.98162454
20662,Medium Risk,0,0.6587916666666667,-0.12149057142857138,3,2,2,2,0.02344075249437787,25367.774592318237,100000,0.9816082,0.9816082
27801,High Risk,1,0.3617416666666667,0.013382571428571443,0,2,0,6,0.07191751438494047,3151.102182834868,100000,0.98152304,0.98152304
27846,High Risk,1,0.7852833333333332,0.03262380952380948,2,2,2,3,0.06676864958162988,1965.840151182186,30000,0.98147744,0.98147744
6667,Medium Risk,1,0.8219233333333333,-0.04511942857142853,3,2,2,2,0.1650254253829193,8279.605532068945,50000,0.98141265,0.98141265
17317,Medium Risk,1,0.3708833333333333,-0.005438285714285737,3,2,2,2,0.048750799751272354,1181.0516359019477,50000,0.98138106,0.98138106
1937,Medium Risk,1,0.19414166666666666,-0.08338714285714277,3,2,3,2,0.6212028492277656,7975.165212499779,20000,0.9813757,0.9813757
14707,High Risk,1,0.36482333333333344,0.008652571428571445,0,2,0,6,0.060731397282018484,2031.0766274728944,100000,0.9813597,0.9813597
15684,Medium Risk,0,0.7568250000000001,-0.021910000000000023,3,2,2,2,0.06785652919445291,1998.5133224474637,20000,0.98128957,0.98128957
4354,High Risk,1,0.8695750000000001,0.002218571428571429,1,2,2,5,0.11014355871566121,1784.3019643546884,20000,0.98126125,0.98126125
20495,Medium Risk,1,0.9515972222222221,0.0008209523809524357,2,2,2,2,0.03245806618795517,4093.0424706649046,120000,0.9812371,0.9812371
15960,High Risk,1,1.2132600000000002,-0.025609142857142955,3,2,2,2,0.05026856641770819,3672.5744104102237,50000,0.98122704,0.98122704
26620,High Risk,1,0.7829833333333335,0.07745999999999997,2,2,2,3,0.13214888874961903,1619.405744915914,10000,0.9812065,0.9812065
16559,High Risk,1,0.055,2.7528011779255407e-18,0,4,2,6,0.0,0.0,30000,0.98120475,0.98120475
24713,Medium Risk,1,0.5082,0.034874285714285705,3,2,2,2,0.09797545376837162,1365.7507825368434,20000,0.98119664,0.98119664
16714,High Risk,1,0.8826575757575758,0.02140025974025972,3,3,3,2,0.0388515332247018,9164.294640978469,220000,0.9811725,0.9811725
16626,High Risk,1,0.6559566666666666,0.015141142857142907,0,2,0,6,0.04862091521755325,1442.6215604470449,50000,0.98109895,0.98109895
19043,High Risk,1,0.2533595238095238,0.012907346938775516,2,2,2,3,0.06918760246637136,1792.946225257932,70000,0.9809826,0.9809826
17615,High Risk,1,0.5357270833333333,0.010463214285714303,0,2,0,6,0.0432387941269903,1577.8341378822638,80000,0.98096573,0.98096573
8495,Medium Risk,0,0.11017333333333333,-0.00603542857142856,4,2,2,1,0.08911089585261221,1182.5575109341055,50000,0.98095506,0.98095506
19318,High Risk,1,0.41296,0.012440000000000001,0,2,0,6,0.04933992825027422,1309.5582461272961,50000,0.9809079,0.9809079
29818,Medium Risk,1,0.25835333333333327,0.007629714285714281,4,2,2,1,0.11882902017109252,1017.9250791029104,50000,0.98090416,0.98090416
12018,High Risk,1,0.28379,0.019641714285714287,2,2,2,3,0.09905694464791483,2106.278495356205,50000,0.98080945,0.98080945
5743,High Risk,1,0.7879833333333334,0.00014380952380958875,0,2,0,6,0.05043501517024477,1494.6033253007301,30000,0.9807567,0.9807567
3964,High Risk,1,0.2173851851851852,0.00927238095238095,0,2,0,6,0.05740071094261523,1725.9016966984727,90000,0.98074627,0.98074627
6910,High Risk,1,0.9103277777777777,0.04807904761904769,2,2,2,3,0.07350798064703147,2897.069651676788,30000,0.9807145,0.9807145
28262,High Risk,1,0.9685833333333332,0.023537142857142854,0,3,1,6,0.052452278802621856,898.9746752087439,20000,0.9806698,0.9806698
761,Medium Risk,1,0.5732633333333332,-0.10922914285714283,3,2,2,2,0.03784177372500946,11479.433094306822,50000,0.9805989,0.9805989
12898,High Risk,1,0.461025,0.039618571428571434,3,3,3,2,0.11354235514501798,1691.5892823022969,20000,0.98059595,0.98059595
4884,High Risk,1,0.8409733333333334,0.01774476190476189,2,2,2,3,0.04441263024761874,5433.721229507454,150000,0.98055685,0.98055685
10152,High Risk,1,1.0137555555555557,0.0028838095238095615,0,3,1,6,0.025327842178337726,1035.9769624208188,60000,0.9805351,0.9805351
11485,High Risk,1,0.9128722222222222,0.021844761904761898,0,2,0,6,0.04755128089699201,1298.2761519286514,30000,0.9805322,0.9805322
5682,High Risk,1,0.47050555555555557,0.01683142857142857,0,2,0,6,0.07473129519364484,1188.7918937588136,30000,0.98052865,0.98052865
21635,Medium Risk,1,0.5117200000000001,-0.008259428571428563,4,2,2,1,0.05189478772165459,2560.6028196500915,50000,0.9804534,0.9804534
21322,High Risk,1,0.8590688888888889,0.01593161904761906,0,2,0,6,0.034489935467434195,8961.461882230302,300000,0.98044205,0.98044205
29343,High Risk,1,0.7733333333333334,0.013899047619047611,0,2,1,6,0.051075271132201054,930.4216248561725,30000,0.98033994,0.98033994
27214,High Risk,1,0.38094,0.010363999999999996,2,2,2,3,0.06904113127610584,2177.325607253081,100000,0.9803176,0.9803176
23711,High Risk,1,0.484855,0.012357428571428587,0,2,0,6,0.042712810619392284,2400.6194825502853,100000,0.98024356,0.98024356
23692,High Risk,1,0.4022583333333334,0.016530000000000024,0,3,1,6,0.09439852933746029,890.7586466976712,20000,0.98011327,0.98011327
4910,Medium Risk,1,0.6892777777777778,0.009436190476190426,3,2,2,2,0.13434255698234074,2582.8226161830526,30000,0.9801107,0.9801107
27512,Medium Risk,1,0.6536083333333333,0.04071285714285715,4,2,2,1,0.13882160348879757,1673.058685960139,20000,0.9800638,0.9800638
20360,High Risk,1,0.935525,0.0415528571428572,0,3,1,6,0.07315515156401581,1894.1341821528906,20000,0.980056,0.980056
9662,High Risk,1,0.670811111111111,0.02828190476190479,0,2,0,6,0.07109042692861138,1831.9176473484463,30000,0.98003334,0.98003334
23900,Medium Risk,1,0.5980249999999999,-0.1826814285714286,3,2,4,2,0.09770001114931948,9421.46444561566,20000,0.979999,0.979999
12298,Medium Risk,1,0.33621833333333334,-0.04063114285714289,4,2,2,1,0.03563936169392511,12796.554152062448,100000,0.97999614,0.97999614
10282,Medium Risk,0,0.9415749999999999,-0.010292857142857126,2,2,2,2,0.039282278755293075,2155.78234059007,60000,0.9799469,0.9799469
116,High Risk,1,0.6536666666666667,0.025638095238095227,3,3,4,2,0.05516444800653455,1645.6070004712547,30000,0.97978735,0.97978735
10964,High Risk,1,0.4140111111111111,0.011584761904761917,0,2,0,6,0.05817171924085806,1471.3190907028516,60000,0.97978276,0.97978276
24103,Medium Risk,1,0.49447,0.014928571428571437,3,2,2,2,0.05598307484692339,1534.5990681608014,50000,0.97973996,0.97973996
17547,Medium Risk,1,0.6929066666666667,0.026632000000000013,3,2,2,2,0.05333712449234642,2543.303494800938,50000,0.9796005,0.9796005
2428,High Risk,1,0.5637733333333333,0.008616000000000044,2,2,2,3,0.04662351942056884,1020.1001258046518,50000,0.9795746,0.9795746
7138,High Risk,1,0.28075092592592593,0.006248730158730153,0,2,0,6,0.043474145015960884,2124.6809093759625,180000,0.97952306,0.97952306
20933,High Risk,1,0.5521615384615385,0.013678681318681314,0,2,0,6,0.042264341501753455,3730.907074693767,130000,0.97950816,0.97950816
11334,Medium Risk,1,0.8144833333333333,0.03665714285714284,3,2,2,2,0.06734478331382067,1508.734922597958,20000,0.97948724,0.97948724
9661,High Risk,1,0.9414777777777777,0.01943809523809522,0,2,0,6,0.04352015668964689,1317.1468660201363,30000,0.97944665,0.97944665
7469,High Risk,1,0.6573833333333333,0.043942857142857124,0,2,1,6,0.09540115990372122,1806.0236617128432,20000,0.9793799,0.9793799
17545,High Risk,1,0.43189999999999995,0.04090857142857144,2,2,2,3,0.12265043719580199,1683.1053442966665,20000,0.9793743,0.9793743
8105,High Risk,1,0.5554698717948717,0.01082450549450549,2,2,2,3,0.03280340553629561,6486.432622533489,260000,0.97934794,0.97934794
23866,Medium Risk,1,0.7546814814814814,-0.062222857142857094,3,2,2,2,0.03144627557680527,10741.23547207986,90000,0.9793226,0.9793226
23088,High Risk,1,0.78848,0.003445714285714281,0,2,0,6,0.04101965075496178,1649.5892822154246,100000,0.97917706,0.97917706
29772,High Risk,1,0.7187333333333333,-0.003165714285714288,1,4,5,5,0.09421882586328613,292.06209385448614,10000,0.9791479,0.9791479
24039,High Risk,1,0.8802333333333333,0.02083102040816327,0,3,1,6,0.04345072316856744,3466.375609576473,70000,0.9791272,0.9791272
17832,Medium Risk,1,0.13996333333333333,0.003981142857142849,4,2,2,1,0.15032585107346927,1102.7308677400242,50000,0.97909844,0.97909844
12236,Medium Risk,1,0.8995833333333333,0.012185714285714338,4,2,2,1,0.05484087281793595,808.3852217022937,20000,0.9790659,0.9790659
16964,High Risk,1,0.5300939393939395,0.008941818181818178,0,2,0,6,0.04210437901647415,1844.9409385307345,110000,0.9790082,0.9790082
2418,High Risk,1,1.0155611111111111,2.761904761899892e-05,3,2,2,2,0.04374450261298753,287.2012650854217,30000,0.97900075,0.97900075
7155,High Risk,1,0.44139285714285714,0.015340000000000001,0,2,0,6,0.059754991802598356,2252.977208051604,70000,0.97895676,0.97895676
22246,High Risk,0,0.6143833333333334,0.03681809523809527,2,2,2,3,0.0772598721898924,2176.6369242480473,30000,0.9789457,0.9789457
7877,High Risk,1,0.32385624999999996,0.010916785714285717,0,2,0,6,0.06062890039579203,1937.530051379849,80000,0.97893834,0.97893834
26087,High Risk,1,1.1776536458333333,-0.15484419642857153,5,2,2,1,0.024885635826006686,119057.23757322217,320000,0.9788809,0.9788809
25221,Medium Risk,0,0.8258666666666666,0.0732571428571429,2,2,2,2,0.10856453689315874,1481.4373650838793,10000,0.9788223,0.9788223
18006,High Risk,1,0.3367166666666666,0.011526666666666673,0,2,0,6,0.0637417913279864,2222.8728933522043,90000,0.9787991,0.9787991
29745,High Risk,1,0.6558944444444444,0.008477142857142891,0,4,1,6,0.0431013344543849,1087.2943330426526,30000,0.9787988,0.9787988
3010,High Risk,1,0.8044222222222221,0.01736380952380952,2,2,2,3,0.04569264369391433,1147.6904925399822,30000,0.9787658,0.9787658
3501,High Risk,1,0.65365,0.028206666666666682,0,2,0,6,0.06906336945868452,1754.3115743789642,30000,0.97875834,0.97875834
14797,High Risk,1,0.9109166666666667,-0.005368571428571408,0,2,0,6,0.03752297504106345,1240.3000309065008,50000,0.9787552,0.9787552
26737,High Risk,1,0.6953833333333334,0.012567142857142841,0,2,1,6,0.046117522838933916,2341.6188986824195,80000,0.9787517,0.9787517
24969,Medium Risk,1,0.41324333333333335,0.016258285714285742,2,2,2,2,0.05311059428283729,3310.2503027213315,100000,0.9787305,0.9787305
18336,High Risk,1,0.4334166666666666,0.04626857142857143,3,3,3,2,0.11024590291093724,1837.2646697377781,20000,0.9787258,0.9787258
8809,Medium Risk,1,0.08442916666666667,0.003520000000000001,2,2,2,2,0.07597722059981499,713.7970766728222,80000,0.9787048,0.9787048
22434,High Risk,1,1.1027133333333332,0.038142285714285615,4,2,2,1,0.08492717694511935,8019.24404583541,100000,0.97862,0.97862
27500,High Risk,1,0.39206666666666673,0.01915714285714286,0,3,1,6,0.09791467848204734,954.370508066268,20000,0.9785292,0.9785292
9958,High Risk,1,1.0833222222222223,-0.004312380952380822,3,2,2,2,0.0779273086058165,1458.9043377365995,30000,0.97852534,0.97852534
29361,Medium Risk,1,0.08099848484848485,-0.00655818181818182,4,2,2,1,0.2431316746125528,1822.6979362106786,110000,0.978513,0.978513
27791,Medium Risk,1,0.8148,0.02011904761904759,2,2,2,2,0.04103406695966042,2476.204111134621,60000,0.9785014,0.9785014
26713,High Risk,0,0.5165000000000001,0.0181409523809524,0,2,0,6,0.10072287064771433,1331.4040708965854,30000,0.97840893,0.97840893
19588,High Risk,1,0.39638333333333337,0.008494285714285723,0,2,0,6,0.06341998955391663,820.4376068091142,40000,0.9784067,0.9784067
14175,High Risk,1,0.1361726666666667,0.006617028571428571,2,2,2,3,0.067500446250161,3231.183400345246,250000,0.978395,0.978395
29026,High Risk,1,0.9637259259259259,-0.0004590476190476051,2,3,3,3,0.025864786498592075,2317.330677021876,90000,0.9783919,0.9783919
2773,High Risk,1,0.88997,0.012689714285714328,0,3,1,6,0.027940775332281842,1341.9911698666276,50000,0.9783237,0.9783237
2103,High Risk,1,0.42053333333333326,-0.003982857142857141,0,4,3,6,0.0748630138349063,226.55124512274628,10000,0.97829115,0.97829115
858,High Risk,1,0.52379,0.006244571428571408,0,2,0,6,0.0421298536443731,1290.2745444284328,100000,0.97828627,0.97828627
26943,High Risk,1,0.5299166666666667,0.06704857142857144,0,2,1,6,0.30549964188024065,1357.4223243584388,10000,0.9782607,0.9782607
6917,High Risk,1,0.9098666666666667,0.05168571428571427,2,2,2,3,0.11381142422940427,1194.787121903591,10000,0.97824824,0.97824824
16155,Medium Risk,1,0.49108124999999997,-0.11361749999999997,4,2,2,1,0.058796609696408875,17212.398493527857,80000,0.97823125,0.97823125
1870,High Risk,1,0.8871833333333333,0.02044142857142862,0,2,0,6,0.04308746944863562,1664.979959839357,40000,0.9782161,0.9782161
1207,High Risk,1,0.3294452380952381,0.014479591836734713,0,2,0,6,0.06275633098099916,2022.7682434393382,70000,0.9782056,0.9782056
3840,High Risk,1,0.5840333333333333,0.008221714285714261,2,2,2,3,0.03935057565537151,986.5644766900269,50000,0.9781877,0.9781877
15152,High Risk,1,0.8372625,-0.07792142857142863,2,2,2,3,0.034274448329628,13231.003469125084,80000,0.97806054,0.97806054
19345,High Risk,1,0.7719583333333332,0.022741428571428517,0,2,0,6,0.05950727344276698,979.6153156554193,20000,0.9779458,0.9779458
6120,High Risk,1,0.46307666666666664,0.014990285714285746,2,2,2,3,0.0628722416465078,1580.1918132513745,50000,0.97794116,0.97794116
16593,High Risk,1,0.5131595238095238,0.011068979591836758,0,2,0,6,0.045672844403095936,1462.3307993291621,70000,0.9779273,0.9779273
6624,Medium Risk,1,0.49894999999999995,0.08772285714285713,3,2,2,2,0.27336994273400683,3492.8954178446284,20000,0.97789943,0.97789943
10871,High Risk,1,0.7560749999999999,0.012450714285714301,0,2,0,6,0.03527697171593591,1884.4140733925758,80000,0.97771215,0.97771215
2145,High Risk,1,0.29184166666666667,0.021387142857142858,2,3,3,2,0.08072825578593236,898.5771901548952,20000,0.97765577,0.97765577
20481,Medium Risk,1,0.29971,-0.01656514285714284,4,2,2,1,0.358290066309687,4863.390699912973,50000,0.977581,0.977581
24997,High Risk,1,0.91051875,0.01482035714285724,2,2,2,3,0.040928184311764204,2866.574593482612,80000,0.9774179,0.9774179
4247,Medium Risk,0,0.44756666666666667,-0.1381417142857143,4,2,2,1,0.049617670327509134,14697.06329396001,50000,0.9773942,0.9773942
2471,High Risk,1,0.7043928571428572,-0.007984489795918369,0,2,0,6,0.028714083491850104,5444.917409841953,140000,0.9773351,0.9773351
26780,High Risk,0,0.27992333333333336,0.013096571428571405,2,2,2,3,0.0731955563515579,1371.9695939293504,50000,0.9773104,0.9773104
1095,Medium Risk,0,0.6674333333333333,-0.14226628571428576,3,2,2,2,0.0422026873056175,15141.633434562687,50000,0.9772613,0.9772613
2852,Medium Risk,1,0.34825555555555554,0.010664761904761923,3,2,2,2,0.057882235378826946,668.405166546958,30000,0.97717535,0.97717535
19146,High Risk,1,0.6565766666666666,0.01049142857142856,0,2,0,6,0.040854860275246756,2388.531906143744,100000,0.9771527,0.9771527
4770,High Risk,1,0.6828166666666666,-0.09369771428571422,3,3,3,2,0.029603498615845093,19697.609760239102,100000,0.9770966,0.9770966
28082,High Risk,1,0.8323999999999999,-0.0044514285714285645,0,5,3,6,0.04129506918626188,305.9490153604028,10000,0.97706974,0.97706974
28645,High Risk,1,1.0658833333333333,-0.0009177142857143085,0,2,0,6,0.042096249972332855,1198.9384749296632,100000,0.9770158,0.9770158
18074,High Risk,1,0.7602257575757575,-0.013287012987012979,0,2,0,6,0.03542916862427071,3347.7606495486903,110000,0.97701573,0.97701573
15600,Medium Risk,1,0.4004999999999999,-0.03822222222222225,3,2,2,2,0.04148906421693937,7028.759207712269,90000,0.97699636,0.97699636
20886,Medium Risk,1,0.7742641666666666,-0.01341614285714284,3,2,2,2,0.04785219760228036,14731.063918355208,200000,0.9769348,0.9769348
11465,Medium Risk,1,0.44305555555555554,-0.12386857142857151,3,2,2,2,0.09287693015090541,8163.547015033764,30000,0.97693455,0.97693455
10862,High Risk,1,0.004318181818181818,-0.0008181818181818179,0,4,2,6,1.0233333333333332,199.37402037376887,110000,0.97689146,0.97689146
17130,High Risk,1,0.31419375,0.014131071428571418,0,2,0,6,0.06009446490429607,2268.3524197090715,80000,0.9768688,0.9768688
6319,Medium Risk,1,0.8002083333333334,0.03853000000000007,4,2,2,1,0.06523820779874165,1479.4796945773426,20000,0.9768673,0.9768673
20441,High Risk,1,0.67209,0.012426857142857125,0,2,1,6,0.051814886224301866,1361.100694291205,50000,0.97673506,0.97673506
18063,High Risk,1,0.38515999999999995,0.030973714285714285,0,3,1,6,0.09996323082761825,3394.492421555836,50000,0.9766892,0.9766892
12588,High Risk,1,0.9074333333333334,0.061222857142857155,2,2,2,3,0.10401675209631524,1283.642733266023,10000,0.97667557,0.97667557
8882,Medium Risk,0,0.02325873015873016,-0.0028979591836734674,5,1,1,1,0.728688345728147,2245.3263162994076,210000,0.97666,0.97666
23653,Medium Risk,1,0.17153333333333332,-0.00218571428571426,3,2,4,2,0.0,5594.3915367684685,20000,0.97660226,0.97660226
29313,High Risk,1,0.7959318181818181,-0.009845974025974116,0,2,0,6,0.0440786606271878,2448.8059743474982,110000,0.9764931,0.9764931
3144,High Risk,1,0.7502357142857142,0.01676530612244901,0,2,0,6,0.04079460930900043,2390.5472804360093,70000,0.9764642,0.9764642
20399,High Risk,1,0.6168416666666666,0.02493571428571428,2,3,3,3,0.0746122457225844,1188.161843633546,20000,0.9764281,0.9764281
23527,Medium Risk,1,0.9884149999999999,-0.007771714285714298,3,2,2,2,0.03600007941220693,2501.034645901572,100000,0.97636807,0.97636807
