risk_tier,sex_label,education_label,marriage_label,account_count,default_rate_pct,avg_risk_score,avg_credit_limit_usd,tier_color
High Risk,Female,Graduate School,Married,148,57.432432432432435,0.7239671375878378,5490.409764603313,#C62828
High Risk,Female,Graduate School,Single,368,57.065217391304344,0.7548624742690216,3299.438990182328,#C62828
High Risk,Female,High School,Married,289,55.017301038062286,0.7762972773771627,2483.5361089407297,#C62828
High Risk,Female,High School,Other,7,71.42857142857143,0.8497619685714286,2119.8156682027648,#C62828
High Risk,Female,High School,Single,134,47.76119402985074,0.7330942142835821,2426.576793452094,#C62828
High Risk,Female,High School,Undocumented,4,25.0,0.70016305,2338.709677419355,#C62828
High Risk,Female,Other,Single,1,0.0,0.12286781,1935.483870967742,#C62828
High Risk,Female,Undocumented,Married,8,25.0,0.568288425625,3750.0,#C62828
High Risk,Female,Undocumented,Single,4,25.0,0.41170033125,6209.677419354838,#C62828
High Risk,Female,University,Married,626,57.18849840255591,0.7571033885095847,2992.8887972791917,#C62828
High Risk,Female,University,Other,14,78.57142857142857,0.8893948442857144,1336.405529953917,#C62828
High Risk,Female,University,Single,561,52.94117647058824,0.7521530763012478,2838.8246794318898,#C62828
High Risk,Male,Graduate School,Married,169,63.905325443786985,0.776646181254438,5806.451612903225,#C62828
High Risk,Male,Graduate School,Other,3,66.66666666666666,0.7290095433333333,3548.387096774193,#C62828
High Risk,Male,Graduate School,Single,291,55.32646048109966,0.7509955072164948,3676.9759450171823,#C62828
High Risk,Male,High School,Married,198,62.121212121212125,0.7711978772222223,2627.8918214402083,#C62828
High Risk,Male,High School,Other,7,28.57142857142857,0.61829181,1244.2396313364054,#C62828
High Risk,Male,High School,Single,148,54.729729729729726,0.777508964195946,1830.8631211857019,#C62828
High Risk,Male,High School,Undocumented,3,33.33333333333333,0.8913722566666666,1720.4301075268816,#C62828
High Risk,Male,Other,Married,2,0.0,0.27416835500000003,5161.290322580646,#C62828
High Risk,Male,Other,Single,1,0.0,0.055326637,6774.193548387097,#C62828
High Risk,Male,Undocumented,Married,6,33.33333333333333,0.31695402333333333,2935.483870967742,#C62828
High Risk,Male,Undocumented,Single,5,20.0,0.46432039999999997,2387.0967741935483,#C62828
High Risk,Male,University,Married,374,62.03208556149733,0.7857599598930481,3109.3669139209937,#C62828
High Risk,Male,University,Other,7,71.42857142857143,0.8616688242857142,2534.5622119815666,#C62828
High Risk,Male,University,Single,561,53.11942959001783,0.757710023452763,2238.514173998045,#C62828
Low Risk,Female,Graduate School,Married,1139,12.291483757682178,0.28883371330746266,8717.607408875923,#2E7D32
Low Risk,Female,Graduate School,Other,5,0.0,0.2624687212,6193.548387096775,#2E7D32
Low Risk,Female,Graduate School,Single,2131,9.385265133740027,0.2934471825236509,7473.547176094821,#2E7D32
Low Risk,Female,Graduate School,Undocumented,2,0.0,0.260089792,6935.483870967742,#2E7D32
Low Risk,Female,High School,Married,616,11.525974025974026,0.33346854252386365,5810.117302052786,#2E7D32
Low Risk,Female,High School,Other,19,0.0,0.2694693305263158,4057.7249575551778,#2E7D32
Low Risk,Female,High School,Single,355,13.239436619718308,0.34588536458140845,6093.593820990458,#2E7D32
Low Risk,Female,High School,Undocumented,15,0.0,0.38601718999999995,5311.8279569892475,#2E7D32
Low Risk,Female,Other,Married,23,4.3478260869565215,0.29931745939130433,8078.541374474053,#2E7D32
Low Risk,Female,Other,Other,1,0.0,0.48388588,10322.58064516129,#2E7D32
Low Risk,Female,Other,Single,26,7.6923076923076925,0.28657868696153843,7493.79652605459,#2E7D32
Low Risk,Female,Undocumented,Married,48,0.0,0.251334454,6848.118279569892,#2E7D32
Low Risk,Female,Undocumented,Other,1,0.0,0.2747054,2903.2258064516127,#2E7D32
Low Risk,Female,Undocumented,Single,36,2.7777777777777777,0.2626927252222222,6586.021505376343,#2E7D32
Low Risk,Female,University,Married,1832,11.844978165938864,0.31531386103165937,6847.267220735315,#2E7D32
Low Risk,Female,University,Other,24,12.5,0.32347538875,4744.623655913979,#2E7D32
Low Risk,Female,University,Single,1519,10.204081632653061,0.3045682738146149,6479.007836225021,#2E7D32
Low Risk,Female,University,Undocumented,4,25.0,0.4531176125,6290.322580645161,#2E7D32
Low Risk,Male,Graduate School,Married,896,13.28125,0.3033039530780134,9659.058179723503,#2E7D32
Low Risk,Male,Graduate School,Other,10,20.0,0.3423850184,7774.193548387097,#2E7D32
Low Risk,Male,Graduate School,Single,1187,9.856781802864365,0.3005975675186183,7707.1500394053855,#2E7D32
Low Risk,Male,Graduate School,Undocumented,1,0.0,0.3051992,9677.41935483871,#2E7D32
Low Risk,Male,High School,Married,353,12.464589235127479,0.34454881462606235,6432.422553230375,#2E7D32
Low Risk,Male,High School,Other,5,20.0,0.43469605600000005,2838.7096774193546,#2E7D32
Low Risk,Male,High School,Single,232,13.793103448275861,0.3350303827198276,5097.330367074526,#2E7D32
Low Risk,Male,High School,Undocumented,6,16.666666666666664,0.34092766333333335,4301.075268817204,#2E7D32
Low Risk,Male,Other,Married,9,0.0,0.2091420048888889,8709.677419354839,#2E7D32
Low Risk,Male,Other,Other,1,0.0,0.19884834,4838.709677419355,#2E7D32
Low Risk,Male,Other,Single,13,7.6923076923076925,0.32810157746153845,5558.312655086848,#2E7D32
Low Risk,Male,Undocumented,Married,32,9.375,0.33068104753125,6844.758064516129,#2E7D32
Low Risk,Male,Undocumented,Single,20,0.0,0.2561632328,5016.129032258064,#2E7D32
Low Risk,Male,University,Married,841,13.793103448275861,0.32434402683614744,7232.173679567335,#2E7D32
Low Risk,Male,University,Other,15,6.666666666666667,0.3306611854,3892.47311827957,#2E7D32
Low Risk,Male,University,Single,793,10.34047919293821,0.33043670841286255,5500.955945165358,#2E7D32
Low Risk,Male,University,Undocumented,1,0.0,0.44755122,11612.90322580645,#2E7D32
Medium Risk,Female,Graduate School,Married,745,20.671140939597315,0.5026481975405369,7165.620264126434,#F9A825
Medium Risk,Female,Graduate School,Other,15,20.0,0.5402560944,5849.462365591398,#F9A825
Medium Risk,Female,Graduate School,Single,1677,20.155038759689923,0.49770560860971974,5107.430703829803,#F9A825
Medium Risk,Female,Graduate School,Undocumented,1,0.0,0.23039879,1612.9032258064515,#F9A825
Medium Risk,Female,High School,Married,908,24.33920704845815,0.5113905735396476,3601.6768509307944,#F9A825
Medium Risk,Female,High School,Other,41,26.82926829268293,0.5773876029268292,1872.5413060582218,#F9A825
Medium Risk,Female,High School,Single,526,21.292775665399237,0.5018855411722434,3714.5835888629954,#F9A825
Medium Risk,Female,High School,Undocumented,13,7.6923076923076925,0.6183292923076924,3200.9925558312652,#F9A825
Medium Risk,Female,Other,Married,11,0.0,0.4090247945454546,7829.912023460411,#F9A825
Medium Risk,Female,Other,Other,1,0.0,0.36126375,4838.709677419355,#F9A825
Medium Risk,Female,Other,Single,18,0.0,0.38648983249999996,6971.326164874552,#F9A825
Medium Risk,Female,Undocumented,Married,62,6.451612903225806,0.4441830708064516,5332.986472424557,#F9A825
Medium Risk,Female,Undocumented,Other,3,0.0,0.44916986999999997,5376.344086021505,#F9A825
Medium Risk,Female,Undocumented,Single,55,14.545454545454545,0.4325271754909091,4017.595307917888,#F9A825
Medium Risk,Female,University,Married,2014,22.244289970208538,0.5002642800578451,4601.114777204728,#F9A825
Medium Risk,Female,University,Other,61,18.0327868852459,0.4917866478688524,2871.4965626652565,#F9A825
Medium Risk,Female,University,Single,2000,21.05,0.4953901554665,3945.9677419354834,#F9A825
Medium Risk,Female,University,Undocumented,1,0.0,0.620946,1612.9032258064515,#F9A825
Medium Risk,Male,Graduate School,Married,625,26.08,0.5103835204648001,7478.193548387097,#F9A825
Medium Risk,Male,Graduate School,Other,17,35.294117647058826,0.5130015311764705,4212.523719165086,#F9A825
Medium Risk,Male,Graduate School,Single,1155,19.74025974025974,0.4868422496735931,5278.313084764697,#F9A825
Medium Risk,Male,High School,Married,497,27.364185110663986,0.5297132436659959,3917.0506912442393,#F9A825
Medium Risk,Male,High School,Other,24,33.33333333333333,0.5262702275,2392.47311827957,#F9A825
Medium Risk,Male,High School,Single,514,22.56809338521401,0.5202221688599221,2830.2799046065015,#F9A825
Medium Risk,Male,High School,Undocumented,3,0.0,0.29925550666666667,2150.537634408602,#F9A825
Medium Risk,Male,Other,Married,7,28.57142857142857,0.4525137714285714,6405.529953917051,#F9A825
Medium Risk,Male,Other,Single,9,11.11111111111111,0.38773761444444443,5519.713261648746,#F9A825
Medium Risk,Male,Undocumented,Married,26,11.538461538461538,0.3513702467692308,6786.600496277915,#F9A825
Medium Risk,Male,Undocumented,Other,1,0.0,0.62842363,3225.806451612903,#F9A825
Medium Risk,Male,Undocumented,Single,38,2.631578947368421,0.4580428552368421,3709.677419354839,#F9A825
Medium Risk,Male,University,Married,1155,25.541125541125542,0.5019712250888312,4456.919424661361,#F9A825
Medium Risk,Male,University,Other,41,31.70731707317073,0.5692020419512195,1660.1101494885916,#F9A825
Medium Risk,Male,University,Single,1586,23.076923076923077,0.5062986642165196,3181.4668673473534,#F9A825
